Word1,Word2,Word3
OK,Trouble,Misfits
Washed,Trouble,Shady
Washed,Trouble,Murder
Washed,Trouble,Frost
Washed,Trouble,Cracked
Washed,Trouble,Hoarder
Washed,Trouble,Skull
Washed,Trouble,Meows
Washed,Trouble,Pretty
Washed,Trouble,problem
Washed,Trouble,Jailhouse
Washed,Trouble,Crocked
Washed,Trouble,turkey
Washed,Trouble,Turkey
Washed,Trouble,What
Washed,Trouble,Diet
Washed,Trouble,Rocked
Washed,Trouble,Robot
Washed,Trouble,Boarder
Washed,Trouble,Shae
Washed,Trouble,Parrot
Washed,Trouble,Best
Washed,Trouble,friends
Washed,Trouble,Cannonball
Washed,Trouble,Caught
Washed,Trouble,haddy
Washed,Trouble,Just
Washed,Misfits,Shady
Washed,Misfits,Murder
Washed,Misfits,Frost
Washed,Misfits,Cracked
Washed,Misfits,Hoarder
Washed,Misfits,Skull
Washed,Misfits,Meows
Washed,Misfits,Pretty
Washed,Misfits,problem
Washed,Misfits,Jailhouse
Washed,Misfits,Crocked
Washed,Misfits,turkey
Washed,Misfits,Turkey
Washed,Misfits,What
Washed,Misfits,Diet
Washed,Misfits,Rocked
Washed,Misfits,Robot
Washed,Misfits,Boarder
Washed,Misfits,Shae
Washed,Misfits,Parrot
Washed,Misfits,Best
Washed,Misfits,friends
Washed,Misfits,Cannonball
Washed,Misfits,Caught
Washed,Misfits,haddy
Washed,Misfits,Just
Washed,Shady,Murder
Washed,Shady,Frost
Washed,Shady,Cracked
Washed,Shady,Hoarder
Washed,Shady,Skull
Washed,Shady,Meows
Washed,Shady,Pretty
Washed,Shady,problem
Washed,Shady,Jailhouse
Washed,Shady,Crocked
Washed,Shady,turkey
Washed,Shady,Turkey
Washed,Shady,What
Washed,Shady,Diet
Washed,Shady,Rocked
Washed,Shady,Robot
Washed,Shady,Boarder
Washed,Shady,Shae
Washed,Shady,Parrot
Washed,Shady,Best
Washed,Shady,friends
Washed,Shady,Cannonball
Washed,Shady,Caught
Washed,Shady,haddy
Washed,Shady,Just
Washed,Murder,Frost
Washed,Murder,Cracked
Washed,Murder,Hoarder
Washed,Murder,Skull
Washed,Murder,Meows
Washed,Murder,Pretty
Washed,Murder,problem
Washed,Murder,Jailhouse
Washed,Murder,Crocked
Washed,Murder,turkey
Washed,Murder,Turkey
Washed,Murder,What
Washed,Murder,Murder
Washed,Murder,Diet
Washed,Murder,Rocked
Washed,Murder,Robot
Washed,Murder,Boarder
Washed,Murder,Shae
Washed,Murder,Parrot
Washed,Murder,Best
Washed,Murder,friends
Washed,Murder,Cannonball
Washed,Murder,Caught
Washed,Murder,haddy
Washed,Murder,Just
Washed,Frost,Cracked
Washed,Frost,Hoarder
Washed,Frost,Skull
Washed,Frost,Meows
Washed,Frost,Pretty
Washed,Frost,problem
Washed,Frost,Jailhouse
Washed,Frost,Crocked
Washed,Frost,turkey
Washed,Frost,Turkey
Washed,Frost,What
Washed,Frost,Murder
Washed,Frost,Diet
Washed,Frost,Rocked
Washed,Frost,Robot
Washed,Frost,Boarder
Washed,Frost,Shae
Washed,Frost,Parrot
Washed,Frost,Best
Washed,Frost,friends
Washed,Frost,Cannonball
Washed,Frost,Caught
Washed,Frost,haddy
Washed,Frost,Just
Washed,Cracked,Hoarder
Washed,Cracked,Skull
Washed,Cracked,Meows
Washed,Cracked,Pretty
Washed,Cracked,problem
Washed,Cracked,Jailhouse
Washed,Cracked,Crocked
Washed,Cracked,turkey
Washed,Cracked,Turkey
Washed,Cracked,What
Washed,Cracked,Murder
Washed,Cracked,Diet
Washed,Cracked,Rocked
Washed,Cracked,Robot
Washed,Cracked,Boarder
Washed,Cracked,Shae
Washed,Cracked,Parrot
Washed,Cracked,Best
Washed,Cracked,friends
Washed,Cracked,Cannonball
Washed,Cracked,Caught
Washed,Cracked,haddy
Washed,Cracked,Just
Washed,Hoarder,Skull
Washed,Hoarder,Meows
Washed,Hoarder,Pretty
Washed,Hoarder,problem
Washed,Hoarder,Jailhouse
Washed,Hoarder,Crocked
Washed,Hoarder,turkey
Washed,Hoarder,Turkey
Washed,Hoarder,What
Washed,Hoarder,Murder
Washed,Hoarder,Diet
Washed,Hoarder,Rocked
Washed,Hoarder,Robot
Washed,Hoarder,Boarder
Washed,Hoarder,Shae
Washed,Hoarder,Parrot
Washed,Hoarder,Best
Washed,Hoarder,friends
Washed,Hoarder,Cannonball
Washed,Hoarder,Caught
Washed,Hoarder,haddy
Washed,Hoarder,Just
Washed,Skull,Meows
Washed,Skull,Pretty
Washed,Skull,problem
Washed,Skull,Jailhouse
Washed,Skull,Crocked
Washed,Skull,turkey
Washed,Skull,Turkey
Washed,Skull,What
Washed,Skull,Murder
Washed,Skull,Diet
Washed,Skull,Rocked
Washed,Skull,Robot
Washed,Skull,Boarder
Washed,Skull,Shae
Washed,Skull,Parrot
Washed,Skull,Best
Washed,Skull,friends
Washed,Skull,Cannonball
Washed,Skull,Caught
Washed,Skull,haddy
Washed,Skull,Just
Washed,Meows,Pretty
Washed,Meows,problem
Washed,Meows,Jailhouse
Washed,Meows,Crocked
Washed,Meows,turkey
Washed,Meows,Turkey
Washed,Meows,What
Washed,Meows,Murder
Washed,Meows,Diet
Washed,Meows,Rocked
Washed,Meows,Robot
Washed,Meows,Boarder
Washed,Meows,Shae
Washed,Meows,Parrot
Washed,Meows,Best
Washed,Meows,friends
Washed,Meows,Cannonball
Washed,Meows,Caught
Washed,Meows,haddy
Washed,Meows,Just
Washed,Pretty,problem
Washed,Pretty,Jailhouse
Washed,Pretty,Crocked
Washed,Pretty,turkey
Washed,Pretty,Turkey
Washed,Pretty,What
Washed,Pretty,Murder
Washed,Pretty,Diet
Washed,Pretty,Rocked
Washed,Pretty,Robot
Washed,Pretty,Boarder
Washed,Pretty,Shae
Washed,Pretty,Parrot
Washed,Pretty,Best
Washed,Pretty,friends
Washed,Pretty,Cannonball
Washed,Pretty,Caught
Washed,Pretty,haddy
Washed,Pretty,Just
Washed,problem,Jailhouse
Washed,problem,Crocked
Washed,problem,turkey
Washed,problem,Turkey
Washed,problem,What
Washed,problem,Murder
Washed,problem,Diet
Washed,problem,Rocked
Washed,problem,Robot
Washed,problem,Boarder
Washed,problem,Shae
Washed,problem,Parrot
Washed,problem,Best
Washed,problem,friends
Washed,problem,Cannonball
Washed,problem,Caught
Washed,problem,haddy
Washed,problem,Just
Washed,Jailhouse,Crocked
Washed,Jailhouse,turkey
Washed,Jailhouse,Turkey
Washed,Jailhouse,What
Washed,Jailhouse,Murder
Washed,Jailhouse,Diet
Washed,Jailhouse,Rocked
Washed,Jailhouse,Robot
Washed,Jailhouse,Boarder
Washed,Jailhouse,Shae
Washed,Jailhouse,Parrot
Washed,Jailhouse,Best
Washed,Jailhouse,friends
Washed,Jailhouse,Cannonball
Washed,Jailhouse,Caught
Washed,Jailhouse,haddy
Washed,Jailhouse,Just
Washed,Crocked,turkey
Washed,Crocked,Turkey
Washed,Crocked,What
Washed,Crocked,Murder
Washed,Crocked,Diet
Washed,Crocked,Rocked
Washed,Crocked,Robot
Washed,Crocked,Boarder
Washed,Crocked,Shae
Washed,Crocked,Parrot
Washed,Crocked,Best
Washed,Crocked,friends
Washed,Crocked,Cannonball
Washed,Crocked,Caught
Washed,Crocked,haddy
Washed,Crocked,Just
Washed,turkey,Turkey
Washed,turkey,What
Washed,turkey,Murder
Washed,turkey,Diet
Washed,turkey,Rocked
Washed,turkey,Robot
Washed,turkey,turkey
Washed,turkey,Boarder
Washed,turkey,Shae
Washed,turkey,Parrot
Washed,turkey,Best
Washed,turkey,friends
Washed,turkey,Cannonball
Washed,turkey,Caught
Washed,turkey,haddy
Washed,turkey,Just
Washed,Turkey,What
Washed,Turkey,Murder
Washed,Turkey,Diet
Washed,Turkey,Rocked
Washed,Turkey,Robot
Washed,Turkey,turkey
Washed,Turkey,Boarder
Washed,Turkey,Shae
Washed,Turkey,Parrot
Washed,Turkey,Best
Washed,Turkey,friends
Washed,Turkey,Cannonball
Washed,Turkey,Caught
Washed,Turkey,haddy
Washed,Turkey,Just
Washed,What,Murder
Washed,What,Diet
Washed,What,Rocked
Washed,What,Robot
Washed,What,turkey
Washed,What,Boarder
Washed,What,Shae
Washed,What,Parrot
Washed,What,Best
Washed,What,friends
Washed,What,Cannonball
Washed,What,Caught
Washed,What,haddy
Washed,What,Just
Washed,Diet,Rocked
Washed,Diet,Robot
Washed,Diet,turkey
Washed,Diet,Boarder
Washed,Diet,Shae
Washed,Diet,Parrot
Washed,Diet,Best
Washed,Diet,friends
Washed,Diet,Cannonball
Washed,Diet,Caught
Washed,Diet,haddy
Washed,Diet,Just
Washed,Rocked,Robot
Washed,Rocked,turkey
Washed,Rocked,Boarder
Washed,Rocked,Shae
Washed,Rocked,Parrot
Washed,Rocked,Best
Washed,Rocked,friends
Washed,Rocked,Cannonball
Washed,Rocked,Caught
Washed,Rocked,haddy
Washed,Rocked,Just
Washed,Robot,turkey
Washed,Robot,Boarder
Washed,Robot,Shae
Washed,Robot,Parrot
Washed,Robot,Best
Washed,Robot,friends
Washed,Robot,Cannonball
Washed,Robot,Caught
Washed,Robot,haddy
Washed,Robot,Just
Washed,Boarder,Shae
Washed,Boarder,Parrot
Washed,Boarder,Best
Washed,Boarder,friends
Washed,Boarder,Cannonball
Washed,Boarder,Caught
Washed,Boarder,haddy
Washed,Boarder,Just
Washed,Shae,Parrot
Washed,Shae,Best
Washed,Shae,friends
Washed,Shae,Cannonball
Washed,Shae,Caught
Washed,Shae,haddy
Washed,Shae,Just
Washed,Parrot,Best
Washed,Parrot,friends
Washed,Parrot,Cannonball
Washed,Parrot,Caught
Washed,Parrot,haddy
Washed,Parrot,Just
Washed,Best,friends
Washed,Best,Cannonball
Washed,Best,Caught
Washed,Best,haddy
Washed,Best,Just
Washed,friends,Cannonball
Washed,friends,Caught
Washed,friends,haddy
Washed,friends,Just
Washed,Cannonball,Caught
Washed,Cannonball,haddy
Washed,Cannonball,Just
Washed,Caught,haddy
Washed,Caught,Just
Washed,haddy,Just
Trouble,Misfits,Shady
Trouble,Misfits,Murder
Trouble,Misfits,Frost
Trouble,Misfits,Cracked
Trouble,Misfits,Hoarder
Trouble,Misfits,Skull
Trouble,Misfits,Meows
Trouble,Misfits,Pretty
Trouble,Misfits,problem
Trouble,Misfits,Jailhouse
Trouble,Misfits,Crocked
Trouble,Misfits,turkey
Trouble,Misfits,Turkey
Trouble,Misfits,What
Trouble,Misfits,Diet
Trouble,Misfits,Rocked
Trouble,Misfits,Robot
Trouble,Misfits,Boarder
Trouble,Misfits,Shae
Trouble,Misfits,Parrot
Trouble,Misfits,Best
Trouble,Misfits,friends
Trouble,Misfits,Cannonball
Trouble,Misfits,Caught
Trouble,Misfits,haddy
Trouble,Misfits,Just
Trouble,Shady,Murder
Trouble,Shady,Frost
Trouble,Shady,Cracked
Trouble,Shady,Hoarder
Trouble,Shady,Skull
Trouble,Shady,Meows
Trouble,Shady,Pretty
Trouble,Shady,problem
Trouble,Shady,Jailhouse
Trouble,Shady,Crocked
Trouble,Shady,turkey
Trouble,Shady,Turkey
Trouble,Shady,What
Trouble,Shady,Diet
Trouble,Shady,Rocked
Trouble,Shady,Robot
Trouble,Shady,Boarder
Trouble,Shady,Shae
Trouble,Shady,Parrot
Trouble,Shady,Best
Trouble,Shady,friends
Trouble,Shady,Cannonball
Trouble,Shady,Caught
Trouble,Shady,haddy
Trouble,Shady,Just
Trouble,Murder,Frost
Trouble,Murder,Cracked
Trouble,Murder,Hoarder
Trouble,Murder,Skull
Trouble,Murder,Meows
Trouble,Murder,Pretty
Trouble,Murder,problem
Trouble,Murder,Jailhouse
Trouble,Murder,Crocked
Trouble,Murder,turkey
Trouble,Murder,Turkey
Trouble,Murder,What
Trouble,Murder,Murder
Trouble,Murder,Diet
Trouble,Murder,Rocked
Trouble,Murder,Robot
Trouble,Murder,Boarder
Trouble,Murder,Shae
Trouble,Murder,Parrot
Trouble,Murder,Best
Trouble,Murder,friends
Trouble,Murder,Cannonball
Trouble,Murder,Caught
Trouble,Murder,haddy
Trouble,Murder,Just
Trouble,Frost,Cracked
Trouble,Frost,Hoarder
Trouble,Frost,Skull
Trouble,Frost,Meows
Trouble,Frost,Pretty
Trouble,Frost,problem
Trouble,Frost,Jailhouse
Trouble,Frost,Crocked
Trouble,Frost,turkey
Trouble,Frost,Turkey
Trouble,Frost,What
Trouble,Frost,Murder
Trouble,Frost,Diet
Trouble,Frost,Rocked
Trouble,Frost,Robot
Trouble,Frost,Boarder
Trouble,Frost,Shae
Trouble,Frost,Parrot
Trouble,Frost,Best
Trouble,Frost,friends
Trouble,Frost,Cannonball
Trouble,Frost,Caught
Trouble,Frost,haddy
Trouble,Frost,Just
Trouble,Cracked,Hoarder
Trouble,Cracked,Skull
Trouble,Cracked,Meows
Trouble,Cracked,Pretty
Trouble,Cracked,problem
Trouble,Cracked,Jailhouse
Trouble,Cracked,Crocked
Trouble,Cracked,turkey
Trouble,Cracked,Turkey
Trouble,Cracked,What
Trouble,Cracked,Murder
Trouble,Cracked,Diet
Trouble,Cracked,Rocked
Trouble,Cracked,Robot
Trouble,Cracked,Boarder
Trouble,Cracked,Shae
Trouble,Cracked,Parrot
Trouble,Cracked,Best
Trouble,Cracked,friends
Trouble,Cracked,Cannonball
Trouble,Cracked,Caught
Trouble,Cracked,haddy
Trouble,Cracked,Just
Trouble,Hoarder,Skull
Trouble,Hoarder,Meows
Trouble,Hoarder,Pretty
Trouble,Hoarder,problem
Trouble,Hoarder,Jailhouse
Trouble,Hoarder,Crocked
Trouble,Hoarder,turkey
Trouble,Hoarder,Turkey
Trouble,Hoarder,What
Trouble,Hoarder,Murder
Trouble,Hoarder,Diet
Trouble,Hoarder,Rocked
Trouble,Hoarder,Robot
Trouble,Hoarder,Boarder
Trouble,Hoarder,Shae
Trouble,Hoarder,Parrot
Trouble,Hoarder,Best
Trouble,Hoarder,friends
Trouble,Hoarder,Cannonball
Trouble,Hoarder,Caught
Trouble,Hoarder,haddy
Trouble,Hoarder,Just
Trouble,Skull,Meows
Trouble,Skull,Pretty
Trouble,Skull,problem
Trouble,Skull,Jailhouse
Trouble,Skull,Crocked
Trouble,Skull,turkey
Trouble,Skull,Turkey
Trouble,Skull,What
Trouble,Skull,Murder
Trouble,Skull,Diet
Trouble,Skull,Rocked
Trouble,Skull,Robot
Trouble,Skull,Boarder
Trouble,Skull,Shae
Trouble,Skull,Parrot
Trouble,Skull,Best
Trouble,Skull,friends
Trouble,Skull,Cannonball
Trouble,Skull,Caught
Trouble,Skull,haddy
Trouble,Skull,Just
Trouble,Meows,Pretty
Trouble,Meows,problem
Trouble,Meows,Jailhouse
Trouble,Meows,Crocked
Trouble,Meows,turkey
Trouble,Meows,Turkey
Trouble,Meows,What
Trouble,Meows,Murder
Trouble,Meows,Diet
Trouble,Meows,Rocked
Trouble,Meows,Robot
Trouble,Meows,Boarder
Trouble,Meows,Shae
Trouble,Meows,Parrot
Trouble,Meows,Best
Trouble,Meows,friends
Trouble,Meows,Cannonball
Trouble,Meows,Caught
Trouble,Meows,haddy
Trouble,Meows,Just
Trouble,Pretty,problem
Trouble,Pretty,Jailhouse
Trouble,Pretty,Crocked
Trouble,Pretty,turkey
Trouble,Pretty,Turkey
Trouble,Pretty,What
Trouble,Pretty,Murder
Trouble,Pretty,Diet
Trouble,Pretty,Rocked
Trouble,Pretty,Robot
Trouble,Pretty,Boarder
Trouble,Pretty,Shae
Trouble,Pretty,Parrot
Trouble,Pretty,Best
Trouble,Pretty,friends
Trouble,Pretty,Cannonball
Trouble,Pretty,Caught
Trouble,Pretty,haddy
Trouble,Pretty,Just
Trouble,problem,Jailhouse
Trouble,problem,Crocked
Trouble,problem,turkey
Trouble,problem,Turkey
Trouble,problem,What
Trouble,problem,Murder
Trouble,problem,Diet
Trouble,problem,Rocked
Trouble,problem,Robot
Trouble,problem,Boarder
Trouble,problem,Shae
Trouble,problem,Parrot
Trouble,problem,Best
Trouble,problem,friends
Trouble,problem,Cannonball
Trouble,problem,Caught
Trouble,problem,haddy
Trouble,problem,Just
Trouble,Jailhouse,Crocked
Trouble,Jailhouse,turkey
Trouble,Jailhouse,Turkey
Trouble,Jailhouse,What
Trouble,Jailhouse,Murder
Trouble,Jailhouse,Diet
Trouble,Jailhouse,Rocked
Trouble,Jailhouse,Robot
Trouble,Jailhouse,Boarder
Trouble,Jailhouse,Shae
Trouble,Jailhouse,Parrot
Trouble,Jailhouse,Best
Trouble,Jailhouse,friends
Trouble,Jailhouse,Cannonball
Trouble,Jailhouse,Caught
Trouble,Jailhouse,haddy
Trouble,Jailhouse,Just
Trouble,Crocked,turkey
Trouble,Crocked,Turkey
Trouble,Crocked,What
Trouble,Crocked,Murder
Trouble,Crocked,Diet
Trouble,Crocked,Rocked
Trouble,Crocked,Robot
Trouble,Crocked,Boarder
Trouble,Crocked,Shae
Trouble,Crocked,Parrot
Trouble,Crocked,Best
Trouble,Crocked,friends
Trouble,Crocked,Cannonball
Trouble,Crocked,Caught
Trouble,Crocked,haddy
Trouble,Crocked,Just
Trouble,turkey,Turkey
Trouble,turkey,What
Trouble,turkey,Murder
Trouble,turkey,Diet
Trouble,turkey,Rocked
Trouble,turkey,Robot
Trouble,turkey,turkey
Trouble,turkey,Boarder
Trouble,turkey,Shae
Trouble,turkey,Parrot
Trouble,turkey,Best
Trouble,turkey,friends
Trouble,turkey,Cannonball
Trouble,turkey,Caught
Trouble,turkey,haddy
Trouble,turkey,Just
Trouble,Turkey,What
Trouble,Turkey,Murder
Trouble,Turkey,Diet
Trouble,Turkey,Rocked
Trouble,Turkey,Robot
Trouble,Turkey,turkey
Trouble,Turkey,Boarder
Trouble,Turkey,Shae
Trouble,Turkey,Parrot
Trouble,Turkey,Best
Trouble,Turkey,friends
Trouble,Turkey,Cannonball
Trouble,Turkey,Caught
Trouble,Turkey,haddy
Trouble,Turkey,Just
Trouble,What,Murder
Trouble,What,Diet
Trouble,What,Rocked
Trouble,What,Robot
Trouble,What,turkey
Trouble,What,Boarder
Trouble,What,Shae
Trouble,What,Parrot
Trouble,What,Best
Trouble,What,friends
Trouble,What,Cannonball
Trouble,What,Caught
Trouble,What,haddy
Trouble,What,Just
Trouble,Diet,Rocked
Trouble,Diet,Robot
Trouble,Diet,turkey
Trouble,Diet,Boarder
Trouble,Diet,Shae
Trouble,Diet,Parrot
Trouble,Diet,Best
Trouble,Diet,friends
Trouble,Diet,Cannonball
Trouble,Diet,Caught
Trouble,Diet,haddy
Trouble,Diet,Just
Trouble,Rocked,Robot
Trouble,Rocked,turkey
Trouble,Rocked,Boarder
Trouble,Rocked,Shae
Trouble,Rocked,Parrot
Trouble,Rocked,Best
Trouble,Rocked,friends
Trouble,Rocked,Cannonball
Trouble,Rocked,Caught
Trouble,Rocked,haddy
Trouble,Rocked,Just
Trouble,Robot,turkey
Trouble,Robot,Boarder
Trouble,Robot,Shae
Trouble,Robot,Parrot
Trouble,Robot,Best
Trouble,Robot,friends
Trouble,Robot,Cannonball
Trouble,Robot,Caught
Trouble,Robot,haddy
Trouble,Robot,Just
Trouble,Boarder,Shae
Trouble,Boarder,Parrot
Trouble,Boarder,Best
Trouble,Boarder,friends
Trouble,Boarder,Cannonball
Trouble,Boarder,Caught
Trouble,Boarder,haddy
Trouble,Boarder,Just
Trouble,Shae,Parrot
Trouble,Shae,Best
Trouble,Shae,friends
Trouble,Shae,Cannonball
Trouble,Shae,Caught
Trouble,Shae,haddy
Trouble,Shae,Just
Trouble,Parrot,Best
Trouble,Parrot,friends
Trouble,Parrot,Cannonball
Trouble,Parrot,Caught
Trouble,Parrot,haddy
Trouble,Parrot,Just
Trouble,Best,friends
Trouble,Best,Cannonball
Trouble,Best,Caught
Trouble,Best,haddy
Trouble,Best,Just
Trouble,friends,Cannonball
Trouble,friends,Caught
Trouble,friends,haddy
Trouble,friends,Just
Trouble,Cannonball,Caught
Trouble,Cannonball,haddy
Trouble,Cannonball,Just
Trouble,Caught,haddy
Trouble,Caught,Just
Trouble,haddy,Just
Misfits,Shady,Murder
Misfits,Shady,Frost
Misfits,Shady,Cracked
Misfits,Shady,Hoarder
Misfits,Shady,Skull
Misfits,Shady,Meows
Misfits,Shady,Pretty
Misfits,Shady,problem
Misfits,Shady,Jailhouse
Misfits,Shady,Crocked
Misfits,Shady,turkey
Misfits,Shady,Turkey
Misfits,Shady,What
Misfits,Shady,Diet
Misfits,Shady,Rocked
Misfits,Shady,Robot
Misfits,Shady,Boarder
Misfits,Shady,Shae
Misfits,Shady,Parrot
Misfits,Shady,Best
Misfits,Shady,friends
Misfits,Shady,Cannonball
Misfits,Shady,Caught
Misfits,Shady,haddy
Misfits,Shady,Just
Misfits,Murder,Frost
Misfits,Murder,Cracked
Misfits,Murder,Hoarder
Misfits,Murder,Skull
Misfits,Murder,Meows
Misfits,Murder,Pretty
Misfits,Murder,problem
Misfits,Murder,Jailhouse
Misfits,Murder,Crocked
Misfits,Murder,turkey
Misfits,Murder,Turkey
Misfits,Murder,What
Misfits,Murder,Murder
Misfits,Murder,Diet
Misfits,Murder,Rocked
Misfits,Murder,Robot
Misfits,Murder,Boarder
Misfits,Murder,Shae
Misfits,Murder,Parrot
Misfits,Murder,Best
Misfits,Murder,friends
Misfits,Murder,Cannonball
Misfits,Murder,Caught
Misfits,Murder,haddy
Misfits,Murder,Just
Misfits,Frost,Cracked
Misfits,Frost,Hoarder
Misfits,Frost,Skull
Misfits,Frost,Meows
Misfits,Frost,Pretty
Misfits,Frost,problem
Misfits,Frost,Jailhouse
Misfits,Frost,Crocked
Misfits,Frost,turkey
Misfits,Frost,Turkey
Misfits,Frost,What
Misfits,Frost,Murder
Misfits,Frost,Diet
Misfits,Frost,Rocked
Misfits,Frost,Robot
Misfits,Frost,Boarder
Misfits,Frost,Shae
Misfits,Frost,Parrot
Misfits,Frost,Best
Misfits,Frost,friends
Misfits,Frost,Cannonball
Misfits,Frost,Caught
Misfits,Frost,haddy
Misfits,Frost,Just
Misfits,Cracked,Hoarder
Misfits,Cracked,Skull
Misfits,Cracked,Meows
Misfits,Cracked,Pretty
Misfits,Cracked,problem
Misfits,Cracked,Jailhouse
Misfits,Cracked,Crocked
Misfits,Cracked,turkey
Misfits,Cracked,Turkey
Misfits,Cracked,What
Misfits,Cracked,Murder
Misfits,Cracked,Diet
Misfits,Cracked,Rocked
Misfits,Cracked,Robot
Misfits,Cracked,Boarder
Misfits,Cracked,Shae
Misfits,Cracked,Parrot
Misfits,Cracked,Best
Misfits,Cracked,friends
Misfits,Cracked,Cannonball
Misfits,Cracked,Caught
Misfits,Cracked,haddy
Misfits,Cracked,Just
Misfits,Hoarder,Skull
Misfits,Hoarder,Meows
Misfits,Hoarder,Pretty
Misfits,Hoarder,problem
Misfits,Hoarder,Jailhouse
Misfits,Hoarder,Crocked
Misfits,Hoarder,turkey
Misfits,Hoarder,Turkey
Misfits,Hoarder,What
Misfits,Hoarder,Murder
Misfits,Hoarder,Diet
Misfits,Hoarder,Rocked
Misfits,Hoarder,Robot
Misfits,Hoarder,Boarder
Misfits,Hoarder,Shae
Misfits,Hoarder,Parrot
Misfits,Hoarder,Best
Misfits,Hoarder,friends
Misfits,Hoarder,Cannonball
Misfits,Hoarder,Caught
Misfits,Hoarder,haddy
Misfits,Hoarder,Just
Misfits,Skull,Meows
Misfits,Skull,Pretty
Misfits,Skull,problem
Misfits,Skull,Jailhouse
Misfits,Skull,Crocked
Misfits,Skull,turkey
Misfits,Skull,Turkey
Misfits,Skull,What
Misfits,Skull,Murder
Misfits,Skull,Diet
Misfits,Skull,Rocked
Misfits,Skull,Robot
Misfits,Skull,Boarder
Misfits,Skull,Shae
Misfits,Skull,Parrot
Misfits,Skull,Best
Misfits,Skull,friends
Misfits,Skull,Cannonball
Misfits,Skull,Caught
Misfits,Skull,haddy
Misfits,Skull,Just
Misfits,Meows,Pretty
Misfits,Meows,problem
Misfits,Meows,Jailhouse
Misfits,Meows,Crocked
Misfits,Meows,turkey
Misfits,Meows,Turkey
Misfits,Meows,What
Misfits,Meows,Murder
Misfits,Meows,Diet
Misfits,Meows,Rocked
Misfits,Meows,Robot
Misfits,Meows,Boarder
Misfits,Meows,Shae
Misfits,Meows,Parrot
Misfits,Meows,Best
Misfits,Meows,friends
Misfits,Meows,Cannonball
Misfits,Meows,Caught
Misfits,Meows,haddy
Misfits,Meows,Just
Misfits,Pretty,problem
Misfits,Pretty,Jailhouse
Misfits,Pretty,Crocked
Misfits,Pretty,turkey
Misfits,Pretty,Turkey
Misfits,Pretty,What
Misfits,Pretty,Murder
Misfits,Pretty,Diet
Misfits,Pretty,Rocked
Misfits,Pretty,Robot
Misfits,Pretty,Boarder
Misfits,Pretty,Shae
Misfits,Pretty,Parrot
Misfits,Pretty,Best
Misfits,Pretty,friends
Misfits,Pretty,Cannonball
Misfits,Pretty,Caught
Misfits,Pretty,haddy
Misfits,Pretty,Just
Misfits,problem,Jailhouse
Misfits,problem,Crocked
Misfits,problem,turkey
Misfits,problem,Turkey
Misfits,problem,What
Misfits,problem,Murder
Misfits,problem,Diet
Misfits,problem,Rocked
Misfits,problem,Robot
Misfits,problem,Boarder
Misfits,problem,Shae
Misfits,problem,Parrot
Misfits,problem,Best
Misfits,problem,friends
Misfits,problem,Cannonball
Misfits,problem,Caught
Misfits,problem,haddy
Misfits,problem,Just
Misfits,Jailhouse,Crocked
Misfits,Jailhouse,turkey
Misfits,Jailhouse,Turkey
Misfits,Jailhouse,What
Misfits,Jailhouse,Murder
Misfits,Jailhouse,Diet
Misfits,Jailhouse,Rocked
Misfits,Jailhouse,Robot
Misfits,Jailhouse,Boarder
Misfits,Jailhouse,Shae
Misfits,Jailhouse,Parrot
Misfits,Jailhouse,Best
Misfits,Jailhouse,friends
Misfits,Jailhouse,Cannonball
Misfits,Jailhouse,Caught
Misfits,Jailhouse,haddy
Misfits,Jailhouse,Just
Misfits,Crocked,turkey
Misfits,Crocked,Turkey
Misfits,Crocked,What
Misfits,Crocked,Murder
Misfits,Crocked,Diet
Misfits,Crocked,Rocked
Misfits,Crocked,Robot
Misfits,Crocked,Boarder
Misfits,Crocked,Shae
Misfits,Crocked,Parrot
Misfits,Crocked,Best
Misfits,Crocked,friends
Misfits,Crocked,Cannonball
Misfits,Crocked,Caught
Misfits,Crocked,haddy
Misfits,Crocked,Just
Misfits,turkey,Turkey
Misfits,turkey,What
Misfits,turkey,Murder
Misfits,turkey,Diet
Misfits,turkey,Rocked
Misfits,turkey,Robot
Misfits,turkey,turkey
Misfits,turkey,Boarder
Misfits,turkey,Shae
Misfits,turkey,Parrot
Misfits,turkey,Best
Misfits,turkey,friends
Misfits,turkey,Cannonball
Misfits,turkey,Caught
Misfits,turkey,haddy
Misfits,turkey,Just
Misfits,Turkey,What
Misfits,Turkey,Murder
Misfits,Turkey,Diet
Misfits,Turkey,Rocked
Misfits,Turkey,Robot
Misfits,Turkey,turkey
Misfits,Turkey,Boarder
Misfits,Turkey,Shae
Misfits,Turkey,Parrot
Misfits,Turkey,Best
Misfits,Turkey,friends
Misfits,Turkey,Cannonball
Misfits,Turkey,Caught
Misfits,Turkey,haddy
Misfits,Turkey,Just
Misfits,What,Murder
Misfits,What,Diet
Misfits,What,Rocked
Misfits,What,Robot
Misfits,What,turkey
Misfits,What,Boarder
Misfits,What,Shae
Misfits,What,Parrot
Misfits,What,Best
Misfits,What,friends
Misfits,What,Cannonball
Misfits,What,Caught
Misfits,What,haddy
Misfits,What,Just
Misfits,Diet,Rocked
Misfits,Diet,Robot
Misfits,Diet,turkey
Misfits,Diet,Boarder
Misfits,Diet,Shae
Misfits,Diet,Parrot
Misfits,Diet,Best
Misfits,Diet,friends
Misfits,Diet,Cannonball
Misfits,Diet,Caught
Misfits,Diet,haddy
Misfits,Diet,Just
Misfits,Rocked,Robot
Misfits,Rocked,turkey
Misfits,Rocked,Boarder
Misfits,Rocked,Shae
Misfits,Rocked,Parrot
Misfits,Rocked,Best
Misfits,Rocked,friends
Misfits,Rocked,Cannonball
Misfits,Rocked,Caught
Misfits,Rocked,haddy
Misfits,Rocked,Just
Misfits,Robot,turkey
Misfits,Robot,Boarder
Misfits,Robot,Shae
Misfits,Robot,Parrot
Misfits,Robot,Best
Misfits,Robot,friends
Misfits,Robot,Cannonball
Misfits,Robot,Caught
Misfits,Robot,haddy
Misfits,Robot,Just
Misfits,Boarder,Shae
Misfits,Boarder,Parrot
Misfits,Boarder,Best
Misfits,Boarder,friends
Misfits,Boarder,Cannonball
Misfits,Boarder,Caught
Misfits,Boarder,haddy
Misfits,Boarder,Just
Misfits,Shae,Parrot
Misfits,Shae,Best
Misfits,Shae,friends
Misfits,Shae,Cannonball
Misfits,Shae,Caught
Misfits,Shae,haddy
Misfits,Shae,Just
Misfits,Parrot,Best
Misfits,Parrot,friends
Misfits,Parrot,Cannonball
Misfits,Parrot,Caught
Misfits,Parrot,haddy
Misfits,Parrot,Just
Misfits,Best,friends
Misfits,Best,Cannonball
Misfits,Best,Caught
Misfits,Best,haddy
Misfits,Best,Just
Misfits,friends,Cannonball
Misfits,friends,Caught
Misfits,friends,haddy
Misfits,friends,Just
Misfits,Cannonball,Caught
Misfits,Cannonball,haddy
Misfits,Cannonball,Just
Misfits,Caught,haddy
Misfits,Caught,Just
Misfits,haddy,Just
Shady,Murder,Frost
Shady,Murder,Cracked
Shady,Murder,Hoarder
Shady,Murder,Skull
Shady,Murder,Meows
Shady,Murder,Pretty
Shady,Murder,problem
Shady,Murder,Jailhouse
Shady,Murder,Crocked
Shady,Murder,turkey
Shady,Murder,Turkey
Shady,Murder,What
Shady,Murder,Murder
Shady,Murder,Diet
Shady,Murder,Rocked
Shady,Murder,Robot
Shady,Murder,Boarder
Shady,Murder,Shae
Shady,Murder,Parrot
Shady,Murder,Best
Shady,Murder,friends
Shady,Murder,Cannonball
Shady,Murder,Caught
Shady,Murder,haddy
Shady,Murder,Just
Shady,Frost,Cracked
Shady,Frost,Hoarder
Shady,Frost,Skull
Shady,Frost,Meows
Shady,Frost,Pretty
Shady,Frost,problem
Shady,Frost,Jailhouse
Shady,Frost,Crocked
Shady,Frost,turkey
Shady,Frost,Turkey
Shady,Frost,What
Shady,Frost,Murder
Shady,Frost,Diet
Shady,Frost,Rocked
Shady,Frost,Robot
Shady,Frost,Boarder
Shady,Frost,Shae
Shady,Frost,Parrot
Shady,Frost,Best
Shady,Frost,friends
Shady,Frost,Cannonball
Shady,Frost,Caught
Shady,Frost,haddy
Shady,Frost,Just
Shady,Cracked,Hoarder
Shady,Cracked,Skull
Shady,Cracked,Meows
Shady,Cracked,Pretty
Shady,Cracked,problem
Shady,Cracked,Jailhouse
Shady,Cracked,Crocked
Shady,Cracked,turkey
Shady,Cracked,Turkey
Shady,Cracked,What
Shady,Cracked,Murder
Shady,Cracked,Diet
Shady,Cracked,Rocked
Shady,Cracked,Robot
Shady,Cracked,Boarder
Shady,Cracked,Shae
Shady,Cracked,Parrot
Shady,Cracked,Best
Shady,Cracked,friends
Shady,Cracked,Cannonball
Shady,Cracked,Caught
Shady,Cracked,haddy
Shady,Cracked,Just
Shady,Hoarder,Skull
Shady,Hoarder,Meows
Shady,Hoarder,Pretty
Shady,Hoarder,problem
Shady,Hoarder,Jailhouse
Shady,Hoarder,Crocked
Shady,Hoarder,turkey
Shady,Hoarder,Turkey
Shady,Hoarder,What
Shady,Hoarder,Murder
Shady,Hoarder,Diet
Shady,Hoarder,Rocked
Shady,Hoarder,Robot
Shady,Hoarder,Boarder
Shady,Hoarder,Shae
Shady,Hoarder,Parrot
Shady,Hoarder,Best
Shady,Hoarder,friends
Shady,Hoarder,Cannonball
Shady,Hoarder,Caught
Shady,Hoarder,haddy
Shady,Hoarder,Just
Shady,Skull,Meows
Shady,Skull,Pretty
Shady,Skull,problem
Shady,Skull,Jailhouse
Shady,Skull,Crocked
Shady,Skull,turkey
Shady,Skull,Turkey
Shady,Skull,What
Shady,Skull,Murder
Shady,Skull,Diet
Shady,Skull,Rocked
Shady,Skull,Robot
Shady,Skull,Boarder
Shady,Skull,Shae
Shady,Skull,Parrot
Shady,Skull,Best
Shady,Skull,friends
Shady,Skull,Cannonball
Shady,Skull,Caught
Shady,Skull,haddy
Shady,Skull,Just
Shady,Meows,Pretty
Shady,Meows,problem
Shady,Meows,Jailhouse
Shady,Meows,Crocked
Shady,Meows,turkey
Shady,Meows,Turkey
Shady,Meows,What
Shady,Meows,Murder
Shady,Meows,Diet
Shady,Meows,Rocked
Shady,Meows,Robot
Shady,Meows,Boarder
Shady,Meows,Shae
Shady,Meows,Parrot
Shady,Meows,Best
Shady,Meows,friends
Shady,Meows,Cannonball
Shady,Meows,Caught
Shady,Meows,haddy
Shady,Meows,Just
Shady,Pretty,problem
Shady,Pretty,Jailhouse
Shady,Pretty,Crocked
Shady,Pretty,turkey
Shady,Pretty,Turkey
Shady,Pretty,What
Shady,Pretty,Murder
Shady,Pretty,Diet
Shady,Pretty,Rocked
Shady,Pretty,Robot
Shady,Pretty,Boarder
Shady,Pretty,Shae
Shady,Pretty,Parrot
Shady,Pretty,Best
Shady,Pretty,friends
Shady,Pretty,Cannonball
Shady,Pretty,Caught
Shady,Pretty,haddy
Shady,Pretty,Just
Shady,problem,Jailhouse
Shady,problem,Crocked
Shady,problem,turkey
Shady,problem,Turkey
Shady,problem,What
Shady,problem,Murder
Shady,problem,Diet
Shady,problem,Rocked
Shady,problem,Robot
Shady,problem,Boarder
Shady,problem,Shae
Shady,problem,Parrot
Shady,problem,Best
Shady,problem,friends
Shady,problem,Cannonball
Shady,problem,Caught
Shady,problem,haddy
Shady,problem,Just
Shady,Jailhouse,Crocked
Shady,Jailhouse,turkey
Shady,Jailhouse,Turkey
Shady,Jailhouse,What
Shady,Jailhouse,Murder
Shady,Jailhouse,Diet
Shady,Jailhouse,Rocked
Shady,Jailhouse,Robot
Shady,Jailhouse,Boarder
Shady,Jailhouse,Shae
Shady,Jailhouse,Parrot
Shady,Jailhouse,Best
Shady,Jailhouse,friends
Shady,Jailhouse,Cannonball
Shady,Jailhouse,Caught
Shady,Jailhouse,haddy
Shady,Jailhouse,Just
Shady,Crocked,turkey
Shady,Crocked,Turkey
Shady,Crocked,What
Shady,Crocked,Murder
Shady,Crocked,Diet
Shady,Crocked,Rocked
Shady,Crocked,Robot
Shady,Crocked,Boarder
Shady,Crocked,Shae
Shady,Crocked,Parrot
Shady,Crocked,Best
Shady,Crocked,friends
Shady,Crocked,Cannonball
Shady,Crocked,Caught
Shady,Crocked,haddy
Shady,Crocked,Just
Shady,turkey,Turkey
Shady,turkey,What
Shady,turkey,Murder
Shady,turkey,Diet
Shady,turkey,Rocked
Shady,turkey,Robot
Shady,turkey,turkey
Shady,turkey,Boarder
Shady,turkey,Shae
Shady,turkey,Parrot
Shady,turkey,Best
Shady,turkey,friends
Shady,turkey,Cannonball
Shady,turkey,Caught
Shady,turkey,haddy
Shady,turkey,Just
Shady,Turkey,What
Shady,Turkey,Murder
Shady,Turkey,Diet
Shady,Turkey,Rocked
Shady,Turkey,Robot
Shady,Turkey,turkey
Shady,Turkey,Boarder
Shady,Turkey,Shae
Shady,Turkey,Parrot
Shady,Turkey,Best
Shady,Turkey,friends
Shady,Turkey,Cannonball
Shady,Turkey,Caught
Shady,Turkey,haddy
Shady,Turkey,Just
Shady,What,Murder
Shady,What,Diet
Shady,What,Rocked
Shady,What,Robot
Shady,What,turkey
Shady,What,Boarder
Shady,What,Shae
Shady,What,Parrot
Shady,What,Best
Shady,What,friends
Shady,What,Cannonball
Shady,What,Caught
Shady,What,haddy
Shady,What,Just
Shady,Diet,Rocked
Shady,Diet,Robot
Shady,Diet,turkey
Shady,Diet,Boarder
Shady,Diet,Shae
Shady,Diet,Parrot
Shady,Diet,Best
Shady,Diet,friends
Shady,Diet,Cannonball
Shady,Diet,Caught
Shady,Diet,haddy
Shady,Diet,Just
Shady,Rocked,Robot
Shady,Rocked,turkey
Shady,Rocked,Boarder
Shady,Rocked,Shae
Shady,Rocked,Parrot
Shady,Rocked,Best
Shady,Rocked,friends
Shady,Rocked,Cannonball
Shady,Rocked,Caught
Shady,Rocked,haddy
Shady,Rocked,Just
Shady,Robot,turkey
Shady,Robot,Boarder
Shady,Robot,Shae
Shady,Robot,Parrot
Shady,Robot,Best
Shady,Robot,friends
Shady,Robot,Cannonball
Shady,Robot,Caught
Shady,Robot,haddy
Shady,Robot,Just
Shady,Boarder,Shae
Shady,Boarder,Parrot
Shady,Boarder,Best
Shady,Boarder,friends
Shady,Boarder,Cannonball
Shady,Boarder,Caught
Shady,Boarder,haddy
Shady,Boarder,Just
Shady,Shae,Parrot
Shady,Shae,Best
Shady,Shae,friends
Shady,Shae,Cannonball
Shady,Shae,Caught
Shady,Shae,haddy
Shady,Shae,Just
Shady,Parrot,Best
Shady,Parrot,friends
Shady,Parrot,Cannonball
Shady,Parrot,Caught
Shady,Parrot,haddy
Shady,Parrot,Just
Shady,Best,friends
Shady,Best,Cannonball
Shady,Best,Caught
Shady,Best,haddy
Shady,Best,Just
Shady,friends,Cannonball
Shady,friends,Caught
Shady,friends,haddy
Shady,friends,Just
Shady,Cannonball,Caught
Shady,Cannonball,haddy
Shady,Cannonball,Just
Shady,Caught,haddy
Shady,Caught,Just
Shady,haddy,Just
Murder,Frost,Cracked
Murder,Frost,Hoarder
Murder,Frost,Skull
Murder,Frost,Meows
Murder,Frost,Pretty
Murder,Frost,problem
Murder,Frost,Jailhouse
Murder,Frost,Crocked
Murder,Frost,turkey
Murder,Frost,Turkey
Murder,Frost,What
Murder,Frost,Murder
Murder,Frost,Diet
Murder,Frost,Rocked
Murder,Frost,Robot
Murder,Frost,Boarder
Murder,Frost,Shae
Murder,Frost,Parrot
Murder,Frost,Best
Murder,Frost,friends
Murder,Frost,Cannonball
Murder,Frost,Caught
Murder,Frost,haddy
Murder,Frost,Just
Murder,Cracked,Hoarder
Murder,Cracked,Skull
Murder,Cracked,Meows
Murder,Cracked,Pretty
Murder,Cracked,problem
Murder,Cracked,Jailhouse
Murder,Cracked,Crocked
Murder,Cracked,turkey
Murder,Cracked,Turkey
Murder,Cracked,What
Murder,Cracked,Murder
Murder,Cracked,Diet
Murder,Cracked,Rocked
Murder,Cracked,Robot
Murder,Cracked,Boarder
Murder,Cracked,Shae
Murder,Cracked,Parrot
Murder,Cracked,Best
Murder,Cracked,friends
Murder,Cracked,Cannonball
Murder,Cracked,Caught
Murder,Cracked,haddy
Murder,Cracked,Just
Murder,Hoarder,Skull
Murder,Hoarder,Meows
Murder,Hoarder,Pretty
Murder,Hoarder,problem
Murder,Hoarder,Jailhouse
Murder,Hoarder,Crocked
Murder,Hoarder,turkey
Murder,Hoarder,Turkey
Murder,Hoarder,What
Murder,Hoarder,Murder
Murder,Hoarder,Diet
Murder,Hoarder,Rocked
Murder,Hoarder,Robot
Murder,Hoarder,Boarder
Murder,Hoarder,Shae
Murder,Hoarder,Parrot
Murder,Hoarder,Best
Murder,Hoarder,friends
Murder,Hoarder,Cannonball
Murder,Hoarder,Caught
Murder,Hoarder,haddy
Murder,Hoarder,Just
Murder,Skull,Meows
Murder,Skull,Pretty
Murder,Skull,problem
Murder,Skull,Jailhouse
Murder,Skull,Crocked
Murder,Skull,turkey
Murder,Skull,Turkey
Murder,Skull,What
Murder,Skull,Murder
Murder,Skull,Diet
Murder,Skull,Rocked
Murder,Skull,Robot
Murder,Skull,Boarder
Murder,Skull,Shae
Murder,Skull,Parrot
Murder,Skull,Best
Murder,Skull,friends
Murder,Skull,Cannonball
Murder,Skull,Caught
Murder,Skull,haddy
Murder,Skull,Just
Murder,Meows,Pretty
Murder,Meows,problem
Murder,Meows,Jailhouse
Murder,Meows,Crocked
Murder,Meows,turkey
Murder,Meows,Turkey
Murder,Meows,What
Murder,Meows,Murder
Murder,Meows,Diet
Murder,Meows,Rocked
Murder,Meows,Robot
Murder,Meows,Boarder
Murder,Meows,Shae
Murder,Meows,Parrot
Murder,Meows,Best
Murder,Meows,friends
Murder,Meows,Cannonball
Murder,Meows,Caught
Murder,Meows,haddy
Murder,Meows,Just
Murder,Pretty,problem
Murder,Pretty,Jailhouse
Murder,Pretty,Crocked
Murder,Pretty,turkey
Murder,Pretty,Turkey
Murder,Pretty,What
Murder,Pretty,Murder
Murder,Pretty,Diet
Murder,Pretty,Rocked
Murder,Pretty,Robot
Murder,Pretty,Boarder
Murder,Pretty,Shae
Murder,Pretty,Parrot
Murder,Pretty,Best
Murder,Pretty,friends
Murder,Pretty,Cannonball
Murder,Pretty,Caught
Murder,Pretty,haddy
Murder,Pretty,Just
Murder,problem,Jailhouse
Murder,problem,Crocked
Murder,problem,turkey
Murder,problem,Turkey
Murder,problem,What
Murder,problem,Murder
Murder,problem,Diet
Murder,problem,Rocked
Murder,problem,Robot
Murder,problem,Boarder
Murder,problem,Shae
Murder,problem,Parrot
Murder,problem,Best
Murder,problem,friends
Murder,problem,Cannonball
Murder,problem,Caught
Murder,problem,haddy
Murder,problem,Just
Murder,Jailhouse,Crocked
Murder,Jailhouse,turkey
Murder,Jailhouse,Turkey
Murder,Jailhouse,What
Murder,Jailhouse,Murder
Murder,Jailhouse,Diet
Murder,Jailhouse,Rocked
Murder,Jailhouse,Robot
Murder,Jailhouse,Boarder
Murder,Jailhouse,Shae
Murder,Jailhouse,Parrot
Murder,Jailhouse,Best
Murder,Jailhouse,friends
Murder,Jailhouse,Cannonball
Murder,Jailhouse,Caught
Murder,Jailhouse,haddy
Murder,Jailhouse,Just
Murder,Crocked,turkey
Murder,Crocked,Turkey
Murder,Crocked,What
Murder,Crocked,Murder
Murder,Crocked,Diet
Murder,Crocked,Rocked
Murder,Crocked,Robot
Murder,Crocked,Boarder
Murder,Crocked,Shae
Murder,Crocked,Parrot
Murder,Crocked,Best
Murder,Crocked,friends
Murder,Crocked,Cannonball
Murder,Crocked,Caught
Murder,Crocked,haddy
Murder,Crocked,Just
Murder,turkey,Turkey
Murder,turkey,What
Murder,turkey,Murder
Murder,turkey,Diet
Murder,turkey,Rocked
Murder,turkey,Robot
Murder,turkey,turkey
Murder,turkey,Boarder
Murder,turkey,Shae
Murder,turkey,Parrot
Murder,turkey,Best
Murder,turkey,friends
Murder,turkey,Cannonball
Murder,turkey,Caught
Murder,turkey,haddy
Murder,turkey,Just
Murder,Turkey,What
Murder,Turkey,Murder
Murder,Turkey,Diet
Murder,Turkey,Rocked
Murder,Turkey,Robot
Murder,Turkey,turkey
Murder,Turkey,Boarder
Murder,Turkey,Shae
Murder,Turkey,Parrot
Murder,Turkey,Best
Murder,Turkey,friends
Murder,Turkey,Cannonball
Murder,Turkey,Caught
Murder,Turkey,haddy
Murder,Turkey,Just
Murder,What,Murder
Murder,What,Diet
Murder,What,Rocked
Murder,What,Robot
Murder,What,turkey
Murder,What,Boarder
Murder,What,Shae
Murder,What,Parrot
Murder,What,Best
Murder,What,friends
Murder,What,Cannonball
Murder,What,Caught
Murder,What,haddy
Murder,What,Just
Murder,Murder,Diet
Murder,Murder,Rocked
Murder,Murder,Robot
Murder,Murder,turkey
Murder,Murder,Boarder
Murder,Murder,Shae
Murder,Murder,Parrot
Murder,Murder,Best
Murder,Murder,friends
Murder,Murder,Cannonball
Murder,Murder,Caught
Murder,Murder,haddy
Murder,Murder,Just
Murder,Diet,Rocked
Murder,Diet,Robot
Murder,Diet,turkey
Murder,Diet,Boarder
Murder,Diet,Shae
Murder,Diet,Parrot
Murder,Diet,Best
Murder,Diet,friends
Murder,Diet,Cannonball
Murder,Diet,Caught
Murder,Diet,haddy
Murder,Diet,Just
Murder,Rocked,Robot
Murder,Rocked,turkey
Murder,Rocked,Boarder
Murder,Rocked,Shae
Murder,Rocked,Parrot
Murder,Rocked,Best
Murder,Rocked,friends
Murder,Rocked,Cannonball
Murder,Rocked,Caught
Murder,Rocked,haddy
Murder,Rocked,Just
Murder,Robot,turkey
Murder,Robot,Boarder
Murder,Robot,Shae
Murder,Robot,Parrot
Murder,Robot,Best
Murder,Robot,friends
Murder,Robot,Cannonball
Murder,Robot,Caught
Murder,Robot,haddy
Murder,Robot,Just
Murder,Boarder,Shae
Murder,Boarder,Parrot
Murder,Boarder,Best
Murder,Boarder,friends
Murder,Boarder,Cannonball
Murder,Boarder,Caught
Murder,Boarder,haddy
Murder,Boarder,Just
Murder,Shae,Parrot
Murder,Shae,Best
Murder,Shae,friends
Murder,Shae,Cannonball
Murder,Shae,Caught
Murder,Shae,haddy
Murder,Shae,Just
Murder,Parrot,Best
Murder,Parrot,friends
Murder,Parrot,Cannonball
Murder,Parrot,Caught
Murder,Parrot,haddy
Murder,Parrot,Just
Murder,Best,friends
Murder,Best,Cannonball
Murder,Best,Caught
Murder,Best,haddy
Murder,Best,Just
Murder,friends,Cannonball
Murder,friends,Caught
Murder,friends,haddy
Murder,friends,Just
Murder,Cannonball,Caught
Murder,Cannonball,haddy
Murder,Cannonball,Just
Murder,Caught,haddy
Murder,Caught,Just
Murder,haddy,Just
Frost,Cracked,Hoarder
Frost,Cracked,Skull
Frost,Cracked,Meows
Frost,Cracked,Pretty
Frost,Cracked,problem
Frost,Cracked,Jailhouse
Frost,Cracked,Crocked
Frost,Cracked,turkey
Frost,Cracked,Turkey
Frost,Cracked,What
Frost,Cracked,Murder
Frost,Cracked,Diet
Frost,Cracked,Rocked
Frost,Cracked,Robot
Frost,Cracked,Boarder
Frost,Cracked,Shae
Frost,Cracked,Parrot
Frost,Cracked,Best
Frost,Cracked,friends
Frost,Cracked,Cannonball
Frost,Cracked,Caught
Frost,Cracked,haddy
Frost,Cracked,Just
Frost,Hoarder,Skull
Frost,Hoarder,Meows
Frost,Hoarder,Pretty
Frost,Hoarder,problem
Frost,Hoarder,Jailhouse
Frost,Hoarder,Crocked
Frost,Hoarder,turkey
Frost,Hoarder,Turkey
Frost,Hoarder,What
Frost,Hoarder,Murder
Frost,Hoarder,Diet
Frost,Hoarder,Rocked
Frost,Hoarder,Robot
Frost,Hoarder,Boarder
Frost,Hoarder,Shae
Frost,Hoarder,Parrot
Frost,Hoarder,Best
Frost,Hoarder,friends
Frost,Hoarder,Cannonball
Frost,Hoarder,Caught
Frost,Hoarder,haddy
Frost,Hoarder,Just
Frost,Skull,Meows
Frost,Skull,Pretty
Frost,Skull,problem
Frost,Skull,Jailhouse
Frost,Skull,Crocked
Frost,Skull,turkey
Frost,Skull,Turkey
Frost,Skull,What
Frost,Skull,Murder
Frost,Skull,Diet
Frost,Skull,Rocked
Frost,Skull,Robot
Frost,Skull,Boarder
Frost,Skull,Shae
Frost,Skull,Parrot
Frost,Skull,Best
Frost,Skull,friends
Frost,Skull,Cannonball
Frost,Skull,Caught
Frost,Skull,haddy
Frost,Skull,Just
Frost,Meows,Pretty
Frost,Meows,problem
Frost,Meows,Jailhouse
Frost,Meows,Crocked
Frost,Meows,turkey
Frost,Meows,Turkey
Frost,Meows,What
Frost,Meows,Murder
Frost,Meows,Diet
Frost,Meows,Rocked
Frost,Meows,Robot
Frost,Meows,Boarder
Frost,Meows,Shae
Frost,Meows,Parrot
Frost,Meows,Best
Frost,Meows,friends
Frost,Meows,Cannonball
Frost,Meows,Caught
Frost,Meows,haddy
Frost,Meows,Just
Frost,Pretty,problem
Frost,Pretty,Jailhouse
Frost,Pretty,Crocked
Frost,Pretty,turkey
Frost,Pretty,Turkey
Frost,Pretty,What
Frost,Pretty,Murder
Frost,Pretty,Diet
Frost,Pretty,Rocked
Frost,Pretty,Robot
Frost,Pretty,Boarder
Frost,Pretty,Shae
Frost,Pretty,Parrot
Frost,Pretty,Best
Frost,Pretty,friends
Frost,Pretty,Cannonball
Frost,Pretty,Caught
Frost,Pretty,haddy
Frost,Pretty,Just
Frost,problem,Jailhouse
Frost,problem,Crocked
Frost,problem,turkey
Frost,problem,Turkey
Frost,problem,What
Frost,problem,Murder
Frost,problem,Diet
Frost,problem,Rocked
Frost,problem,Robot
Frost,problem,Boarder
Frost,problem,Shae
Frost,problem,Parrot
Frost,problem,Best
Frost,problem,friends
Frost,problem,Cannonball
Frost,problem,Caught
Frost,problem,haddy
Frost,problem,Just
Frost,Jailhouse,Crocked
Frost,Jailhouse,turkey
Frost,Jailhouse,Turkey
Frost,Jailhouse,What
Frost,Jailhouse,Murder
Frost,Jailhouse,Diet
Frost,Jailhouse,Rocked
Frost,Jailhouse,Robot
Frost,Jailhouse,Boarder
Frost,Jailhouse,Shae
Frost,Jailhouse,Parrot
Frost,Jailhouse,Best
Frost,Jailhouse,friends
Frost,Jailhouse,Cannonball
Frost,Jailhouse,Caught
Frost,Jailhouse,haddy
Frost,Jailhouse,Just
Frost,Crocked,turkey
Frost,Crocked,Turkey
Frost,Crocked,What
Frost,Crocked,Murder
Frost,Crocked,Diet
Frost,Crocked,Rocked
Frost,Crocked,Robot
Frost,Crocked,Boarder
Frost,Crocked,Shae
Frost,Crocked,Parrot
Frost,Crocked,Best
Frost,Crocked,friends
Frost,Crocked,Cannonball
Frost,Crocked,Caught
Frost,Crocked,haddy
Frost,Crocked,Just
Frost,turkey,Turkey
Frost,turkey,What
Frost,turkey,Murder
Frost,turkey,Diet
Frost,turkey,Rocked
Frost,turkey,Robot
Frost,turkey,turkey
Frost,turkey,Boarder
Frost,turkey,Shae
Frost,turkey,Parrot
Frost,turkey,Best
Frost,turkey,friends
Frost,turkey,Cannonball
Frost,turkey,Caught
Frost,turkey,haddy
Frost,turkey,Just
Frost,Turkey,What
Frost,Turkey,Murder
Frost,Turkey,Diet
Frost,Turkey,Rocked
Frost,Turkey,Robot
Frost,Turkey,turkey
Frost,Turkey,Boarder
Frost,Turkey,Shae
Frost,Turkey,Parrot
Frost,Turkey,Best
Frost,Turkey,friends
Frost,Turkey,Cannonball
Frost,Turkey,Caught
Frost,Turkey,haddy
Frost,Turkey,Just
Frost,What,Murder
Frost,What,Diet
Frost,What,Rocked
Frost,What,Robot
Frost,What,turkey
Frost,What,Boarder
Frost,What,Shae
Frost,What,Parrot
Frost,What,Best
Frost,What,friends
Frost,What,Cannonball
Frost,What,Caught
Frost,What,haddy
Frost,What,Just
Frost,Murder,Diet
Frost,Murder,Rocked
Frost,Murder,Robot
Frost,Murder,turkey
Frost,Murder,Boarder
Frost,Murder,Shae
Frost,Murder,Parrot
Frost,Murder,Best
Frost,Murder,friends
Frost,Murder,Cannonball
Frost,Murder,Caught
Frost,Murder,haddy
Frost,Murder,Just
Frost,Diet,Rocked
Frost,Diet,Robot
Frost,Diet,turkey
Frost,Diet,Boarder
Frost,Diet,Shae
Frost,Diet,Parrot
Frost,Diet,Best
Frost,Diet,friends
Frost,Diet,Cannonball
Frost,Diet,Caught
Frost,Diet,haddy
Frost,Diet,Just
Frost,Rocked,Robot
Frost,Rocked,turkey
Frost,Rocked,Boarder
Frost,Rocked,Shae
Frost,Rocked,Parrot
Frost,Rocked,Best
Frost,Rocked,friends
Frost,Rocked,Cannonball
Frost,Rocked,Caught
Frost,Rocked,haddy
Frost,Rocked,Just
Frost,Robot,turkey
Frost,Robot,Boarder
Frost,Robot,Shae
Frost,Robot,Parrot
Frost,Robot,Best
Frost,Robot,friends
Frost,Robot,Cannonball
Frost,Robot,Caught
Frost,Robot,haddy
Frost,Robot,Just
Frost,Boarder,Shae
Frost,Boarder,Parrot
Frost,Boarder,Best
Frost,Boarder,friends
Frost,Boarder,Cannonball
Frost,Boarder,Caught
Frost,Boarder,haddy
Frost,Boarder,Just
Frost,Shae,Parrot
Frost,Shae,Best
Frost,Shae,friends
Frost,Shae,Cannonball
Frost,Shae,Caught
Frost,Shae,haddy
Frost,Shae,Just
Frost,Parrot,Best
Frost,Parrot,friends
Frost,Parrot,Cannonball
Frost,Parrot,Caught
Frost,Parrot,haddy
Frost,Parrot,Just
Frost,Best,friends
Frost,Best,Cannonball
Frost,Best,Caught
Frost,Best,haddy
Frost,Best,Just
Frost,friends,Cannonball
Frost,friends,Caught
Frost,friends,haddy
Frost,friends,Just
Frost,Cannonball,Caught
Frost,Cannonball,haddy
Frost,Cannonball,Just
Frost,Caught,haddy
Frost,Caught,Just
Frost,haddy,Just
Cracked,Hoarder,Skull
Cracked,Hoarder,Meows
Cracked,Hoarder,Pretty
Cracked,Hoarder,problem
Cracked,Hoarder,Jailhouse
Cracked,Hoarder,Crocked
Cracked,Hoarder,turkey
Cracked,Hoarder,Turkey
Cracked,Hoarder,What
Cracked,Hoarder,Murder
Cracked,Hoarder,Diet
Cracked,Hoarder,Rocked
Cracked,Hoarder,Robot
Cracked,Hoarder,Boarder
Cracked,Hoarder,Shae
Cracked,Hoarder,Parrot
Cracked,Hoarder,Best
Cracked,Hoarder,friends
Cracked,Hoarder,Cannonball
Cracked,Hoarder,Caught
Cracked,Hoarder,haddy
Cracked,Hoarder,Just
Cracked,Skull,Meows
Cracked,Skull,Pretty
Cracked,Skull,problem
Cracked,Skull,Jailhouse
Cracked,Skull,Crocked
Cracked,Skull,turkey
Cracked,Skull,Turkey
Cracked,Skull,What
Cracked,Skull,Murder
Cracked,Skull,Diet
Cracked,Skull,Rocked
Cracked,Skull,Robot
Cracked,Skull,Boarder
Cracked,Skull,Shae
Cracked,Skull,Parrot
Cracked,Skull,Best
Cracked,Skull,friends
Cracked,Skull,Cannonball
Cracked,Skull,Caught
Cracked,Skull,haddy
Cracked,Skull,Just
Cracked,Meows,Pretty
Cracked,Meows,problem
Cracked,Meows,Jailhouse
Cracked,Meows,Crocked
Cracked,Meows,turkey
Cracked,Meows,Turkey
Cracked,Meows,What
Cracked,Meows,Murder
Cracked,Meows,Diet
Cracked,Meows,Rocked
Cracked,Meows,Robot
Cracked,Meows,Boarder
Cracked,Meows,Shae
Cracked,Meows,Parrot
Cracked,Meows,Best
Cracked,Meows,friends
Cracked,Meows,Cannonball
Cracked,Meows,Caught
Cracked,Meows,haddy
Cracked,Meows,Just
Cracked,Pretty,problem
Cracked,Pretty,Jailhouse
Cracked,Pretty,Crocked
Cracked,Pretty,turkey
Cracked,Pretty,Turkey
Cracked,Pretty,What
Cracked,Pretty,Murder
Cracked,Pretty,Diet
Cracked,Pretty,Rocked
Cracked,Pretty,Robot
Cracked,Pretty,Boarder
Cracked,Pretty,Shae
Cracked,Pretty,Parrot
Cracked,Pretty,Best
Cracked,Pretty,friends
Cracked,Pretty,Cannonball
Cracked,Pretty,Caught
Cracked,Pretty,haddy
Cracked,Pretty,Just
Cracked,problem,Jailhouse
Cracked,problem,Crocked
Cracked,problem,turkey
Cracked,problem,Turkey
Cracked,problem,What
Cracked,problem,Murder
Cracked,problem,Diet
Cracked,problem,Rocked
Cracked,problem,Robot
Cracked,problem,Boarder
Cracked,problem,Shae
Cracked,problem,Parrot
Cracked,problem,Best
Cracked,problem,friends
Cracked,problem,Cannonball
Cracked,problem,Caught
Cracked,problem,haddy
Cracked,problem,Just
Cracked,Jailhouse,Crocked
Cracked,Jailhouse,turkey
Cracked,Jailhouse,Turkey
Cracked,Jailhouse,What
Cracked,Jailhouse,Murder
Cracked,Jailhouse,Diet
Cracked,Jailhouse,Rocked
Cracked,Jailhouse,Robot
Cracked,Jailhouse,Boarder
Cracked,Jailhouse,Shae
Cracked,Jailhouse,Parrot
Cracked,Jailhouse,Best
Cracked,Jailhouse,friends
Cracked,Jailhouse,Cannonball
Cracked,Jailhouse,Caught
Cracked,Jailhouse,haddy
Cracked,Jailhouse,Just
Cracked,Crocked,turkey
Cracked,Crocked,Turkey
Cracked,Crocked,What
Cracked,Crocked,Murder
Cracked,Crocked,Diet
Cracked,Crocked,Rocked
Cracked,Crocked,Robot
Cracked,Crocked,Boarder
Cracked,Crocked,Shae
Cracked,Crocked,Parrot
Cracked,Crocked,Best
Cracked,Crocked,friends
Cracked,Crocked,Cannonball
Cracked,Crocked,Caught
Cracked,Crocked,haddy
Cracked,Crocked,Just
Cracked,turkey,Turkey
Cracked,turkey,What
Cracked,turkey,Murder
Cracked,turkey,Diet
Cracked,turkey,Rocked
Cracked,turkey,Robot
Cracked,turkey,turkey
Cracked,turkey,Boarder
Cracked,turkey,Shae
Cracked,turkey,Parrot
Cracked,turkey,Best
Cracked,turkey,friends
Cracked,turkey,Cannonball
Cracked,turkey,Caught
Cracked,turkey,haddy
Cracked,turkey,Just
Cracked,Turkey,What
Cracked,Turkey,Murder
Cracked,Turkey,Diet
Cracked,Turkey,Rocked
Cracked,Turkey,Robot
Cracked,Turkey,turkey
Cracked,Turkey,Boarder
Cracked,Turkey,Shae
Cracked,Turkey,Parrot
Cracked,Turkey,Best
Cracked,Turkey,friends
Cracked,Turkey,Cannonball
Cracked,Turkey,Caught
Cracked,Turkey,haddy
Cracked,Turkey,Just
Cracked,What,Murder
Cracked,What,Diet
Cracked,What,Rocked
Cracked,What,Robot
Cracked,What,turkey
Cracked,What,Boarder
Cracked,What,Shae
Cracked,What,Parrot
Cracked,What,Best
Cracked,What,friends
Cracked,What,Cannonball
Cracked,What,Caught
Cracked,What,haddy
Cracked,What,Just
Cracked,Murder,Diet
Cracked,Murder,Rocked
Cracked,Murder,Robot
Cracked,Murder,turkey
Cracked,Murder,Boarder
Cracked,Murder,Shae
Cracked,Murder,Parrot
Cracked,Murder,Best
Cracked,Murder,friends
Cracked,Murder,Cannonball
Cracked,Murder,Caught
Cracked,Murder,haddy
Cracked,Murder,Just
Cracked,Diet,Rocked
Cracked,Diet,Robot
Cracked,Diet,turkey
Cracked,Diet,Boarder
Cracked,Diet,Shae
Cracked,Diet,Parrot
Cracked,Diet,Best
Cracked,Diet,friends
Cracked,Diet,Cannonball
Cracked,Diet,Caught
Cracked,Diet,haddy
Cracked,Diet,Just
Cracked,Rocked,Robot
Cracked,Rocked,turkey
Cracked,Rocked,Boarder
Cracked,Rocked,Shae
Cracked,Rocked,Parrot
Cracked,Rocked,Best
Cracked,Rocked,friends
Cracked,Rocked,Cannonball
Cracked,Rocked,Caught
Cracked,Rocked,haddy
Cracked,Rocked,Just
Cracked,Robot,turkey
Cracked,Robot,Boarder
Cracked,Robot,Shae
Cracked,Robot,Parrot
Cracked,Robot,Best
Cracked,Robot,friends
Cracked,Robot,Cannonball
Cracked,Robot,Caught
Cracked,Robot,haddy
Cracked,Robot,Just
Cracked,Boarder,Shae
Cracked,Boarder,Parrot
Cracked,Boarder,Best
Cracked,Boarder,friends
Cracked,Boarder,Cannonball
Cracked,Boarder,Caught
Cracked,Boarder,haddy
Cracked,Boarder,Just
Cracked,Shae,Parrot
Cracked,Shae,Best
Cracked,Shae,friends
Cracked,Shae,Cannonball
Cracked,Shae,Caught
Cracked,Shae,haddy
Cracked,Shae,Just
Cracked,Parrot,Best
Cracked,Parrot,friends
Cracked,Parrot,Cannonball
Cracked,Parrot,Caught
Cracked,Parrot,haddy
Cracked,Parrot,Just
Cracked,Best,friends
Cracked,Best,Cannonball
Cracked,Best,Caught
Cracked,Best,haddy
Cracked,Best,Just
Cracked,friends,Cannonball
Cracked,friends,Caught
Cracked,friends,haddy
Cracked,friends,Just
Cracked,Cannonball,Caught
Cracked,Cannonball,haddy
Cracked,Cannonball,Just
Cracked,Caught,haddy
Cracked,Caught,Just
Cracked,haddy,Just
Hoarder,Skull,Meows
Hoarder,Skull,Pretty
Hoarder,Skull,problem
Hoarder,Skull,Jailhouse
Hoarder,Skull,Crocked
Hoarder,Skull,turkey
Hoarder,Skull,Turkey
Hoarder,Skull,What
Hoarder,Skull,Murder
Hoarder,Skull,Diet
Hoarder,Skull,Rocked
Hoarder,Skull,Robot
Hoarder,Skull,Boarder
Hoarder,Skull,Shae
Hoarder,Skull,Parrot
Hoarder,Skull,Best
Hoarder,Skull,friends
Hoarder,Skull,Cannonball
Hoarder,Skull,Caught
Hoarder,Skull,haddy
Hoarder,Skull,Just
Hoarder,Meows,Pretty
Hoarder,Meows,problem
Hoarder,Meows,Jailhouse
Hoarder,Meows,Crocked
Hoarder,Meows,turkey
Hoarder,Meows,Turkey
Hoarder,Meows,What
Hoarder,Meows,Murder
Hoarder,Meows,Diet
Hoarder,Meows,Rocked
Hoarder,Meows,Robot
Hoarder,Meows,Boarder
Hoarder,Meows,Shae
Hoarder,Meows,Parrot
Hoarder,Meows,Best
Hoarder,Meows,friends
Hoarder,Meows,Cannonball
Hoarder,Meows,Caught
Hoarder,Meows,haddy
Hoarder,Meows,Just
Hoarder,Pretty,problem
Hoarder,Pretty,Jailhouse
Hoarder,Pretty,Crocked
Hoarder,Pretty,turkey
Hoarder,Pretty,Turkey
Hoarder,Pretty,What
Hoarder,Pretty,Murder
Hoarder,Pretty,Diet
Hoarder,Pretty,Rocked
Hoarder,Pretty,Robot
Hoarder,Pretty,Boarder
Hoarder,Pretty,Shae
Hoarder,Pretty,Parrot
Hoarder,Pretty,Best
Hoarder,Pretty,friends
Hoarder,Pretty,Cannonball
Hoarder,Pretty,Caught
Hoarder,Pretty,haddy
Hoarder,Pretty,Just
Hoarder,problem,Jailhouse
Hoarder,problem,Crocked
Hoarder,problem,turkey
Hoarder,problem,Turkey
Hoarder,problem,What
Hoarder,problem,Murder
Hoarder,problem,Diet
Hoarder,problem,Rocked
Hoarder,problem,Robot
Hoarder,problem,Boarder
Hoarder,problem,Shae
Hoarder,problem,Parrot
Hoarder,problem,Best
Hoarder,problem,friends
Hoarder,problem,Cannonball
Hoarder,problem,Caught
Hoarder,problem,haddy
Hoarder,problem,Just
Hoarder,Jailhouse,Crocked
Hoarder,Jailhouse,turkey
Hoarder,Jailhouse,Turkey
Hoarder,Jailhouse,What
Hoarder,Jailhouse,Murder
Hoarder,Jailhouse,Diet
Hoarder,Jailhouse,Rocked
Hoarder,Jailhouse,Robot
Hoarder,Jailhouse,Boarder
Hoarder,Jailhouse,Shae
Hoarder,Jailhouse,Parrot
Hoarder,Jailhouse,Best
Hoarder,Jailhouse,friends
Hoarder,Jailhouse,Cannonball
Hoarder,Jailhouse,Caught
Hoarder,Jailhouse,haddy
Hoarder,Jailhouse,Just
Hoarder,Crocked,turkey
Hoarder,Crocked,Turkey
Hoarder,Crocked,What
Hoarder,Crocked,Murder
Hoarder,Crocked,Diet
Hoarder,Crocked,Rocked
Hoarder,Crocked,Robot
Hoarder,Crocked,Boarder
Hoarder,Crocked,Shae
Hoarder,Crocked,Parrot
Hoarder,Crocked,Best
Hoarder,Crocked,friends
Hoarder,Crocked,Cannonball
Hoarder,Crocked,Caught
Hoarder,Crocked,haddy
Hoarder,Crocked,Just
Hoarder,turkey,Turkey
Hoarder,turkey,What
Hoarder,turkey,Murder
Hoarder,turkey,Diet
Hoarder,turkey,Rocked
Hoarder,turkey,Robot
Hoarder,turkey,turkey
Hoarder,turkey,Boarder
Hoarder,turkey,Shae
Hoarder,turkey,Parrot
Hoarder,turkey,Best
Hoarder,turkey,friends
Hoarder,turkey,Cannonball
Hoarder,turkey,Caught
Hoarder,turkey,haddy
Hoarder,turkey,Just
Hoarder,Turkey,What
Hoarder,Turkey,Murder
Hoarder,Turkey,Diet
Hoarder,Turkey,Rocked
Hoarder,Turkey,Robot
Hoarder,Turkey,turkey
Hoarder,Turkey,Boarder
Hoarder,Turkey,Shae
Hoarder,Turkey,Parrot
Hoarder,Turkey,Best
Hoarder,Turkey,friends
Hoarder,Turkey,Cannonball
Hoarder,Turkey,Caught
Hoarder,Turkey,haddy
Hoarder,Turkey,Just
Hoarder,What,Murder
Hoarder,What,Diet
Hoarder,What,Rocked
Hoarder,What,Robot
Hoarder,What,turkey
Hoarder,What,Boarder
Hoarder,What,Shae
Hoarder,What,Parrot
Hoarder,What,Best
Hoarder,What,friends
Hoarder,What,Cannonball
Hoarder,What,Caught
Hoarder,What,haddy
Hoarder,What,Just
Hoarder,Murder,Diet
Hoarder,Murder,Rocked
Hoarder,Murder,Robot
Hoarder,Murder,turkey
Hoarder,Murder,Boarder
Hoarder,Murder,Shae
Hoarder,Murder,Parrot
Hoarder,Murder,Best
Hoarder,Murder,friends
Hoarder,Murder,Cannonball
Hoarder,Murder,Caught
Hoarder,Murder,haddy
Hoarder,Murder,Just
Hoarder,Diet,Rocked
Hoarder,Diet,Robot
Hoarder,Diet,turkey
Hoarder,Diet,Boarder
Hoarder,Diet,Shae
Hoarder,Diet,Parrot
Hoarder,Diet,Best
Hoarder,Diet,friends
Hoarder,Diet,Cannonball
Hoarder,Diet,Caught
Hoarder,Diet,haddy
Hoarder,Diet,Just
Hoarder,Rocked,Robot
Hoarder,Rocked,turkey
Hoarder,Rocked,Boarder
Hoarder,Rocked,Shae
Hoarder,Rocked,Parrot
Hoarder,Rocked,Best
Hoarder,Rocked,friends
Hoarder,Rocked,Cannonball
Hoarder,Rocked,Caught
Hoarder,Rocked,haddy
Hoarder,Rocked,Just
Hoarder,Robot,turkey
Hoarder,Robot,Boarder
Hoarder,Robot,Shae
Hoarder,Robot,Parrot
Hoarder,Robot,Best
Hoarder,Robot,friends
Hoarder,Robot,Cannonball
Hoarder,Robot,Caught
Hoarder,Robot,haddy
Hoarder,Robot,Just
Hoarder,Boarder,Shae
Hoarder,Boarder,Parrot
Hoarder,Boarder,Best
Hoarder,Boarder,friends
Hoarder,Boarder,Cannonball
Hoarder,Boarder,Caught
Hoarder,Boarder,haddy
Hoarder,Boarder,Just
Hoarder,Shae,Parrot
Hoarder,Shae,Best
Hoarder,Shae,friends
Hoarder,Shae,Cannonball
Hoarder,Shae,Caught
Hoarder,Shae,haddy
Hoarder,Shae,Just
Hoarder,Parrot,Best
Hoarder,Parrot,friends
Hoarder,Parrot,Cannonball
Hoarder,Parrot,Caught
Hoarder,Parrot,haddy
Hoarder,Parrot,Just
Hoarder,Best,friends
Hoarder,Best,Cannonball
Hoarder,Best,Caught
Hoarder,Best,haddy
Hoarder,Best,Just
Hoarder,friends,Cannonball
Hoarder,friends,Caught
Hoarder,friends,haddy
Hoarder,friends,Just
Hoarder,Cannonball,Caught
Hoarder,Cannonball,haddy
Hoarder,Cannonball,Just
Hoarder,Caught,haddy
Hoarder,Caught,Just
Hoarder,haddy,Just
Skull,Meows,Pretty
Skull,Meows,problem
Skull,Meows,Jailhouse
Skull,Meows,Crocked
Skull,Meows,turkey
Skull,Meows,Turkey
Skull,Meows,What
Skull,Meows,Murder
Skull,Meows,Diet
Skull,Meows,Rocked
Skull,Meows,Robot
Skull,Meows,Boarder
Skull,Meows,Shae
Skull,Meows,Parrot
Skull,Meows,Best
Skull,Meows,friends
Skull,Meows,Cannonball
Skull,Meows,Caught
Skull,Meows,haddy
Skull,Meows,Just
Skull,Pretty,problem
Skull,Pretty,Jailhouse
Skull,Pretty,Crocked
Skull,Pretty,turkey
Skull,Pretty,Turkey
Skull,Pretty,What
Skull,Pretty,Murder
Skull,Pretty,Diet
Skull,Pretty,Rocked
Skull,Pretty,Robot
Skull,Pretty,Boarder
Skull,Pretty,Shae
Skull,Pretty,Parrot
Skull,Pretty,Best
Skull,Pretty,friends
Skull,Pretty,Cannonball
Skull,Pretty,Caught
Skull,Pretty,haddy
Skull,Pretty,Just
Skull,problem,Jailhouse
Skull,problem,Crocked
Skull,problem,turkey
Skull,problem,Turkey
Skull,problem,What
Skull,problem,Murder
Skull,problem,Diet
Skull,problem,Rocked
Skull,problem,Robot
Skull,problem,Boarder
Skull,problem,Shae
Skull,problem,Parrot
Skull,problem,Best
Skull,problem,friends
Skull,problem,Cannonball
Skull,problem,Caught
Skull,problem,haddy
Skull,problem,Just
Skull,Jailhouse,Crocked
Skull,Jailhouse,turkey
Skull,Jailhouse,Turkey
Skull,Jailhouse,What
Skull,Jailhouse,Murder
Skull,Jailhouse,Diet
Skull,Jailhouse,Rocked
Skull,Jailhouse,Robot
Skull,Jailhouse,Boarder
Skull,Jailhouse,Shae
Skull,Jailhouse,Parrot
Skull,Jailhouse,Best
Skull,Jailhouse,friends
Skull,Jailhouse,Cannonball
Skull,Jailhouse,Caught
Skull,Jailhouse,haddy
Skull,Jailhouse,Just
Skull,Crocked,turkey
Skull,Crocked,Turkey
Skull,Crocked,What
Skull,Crocked,Murder
Skull,Crocked,Diet
Skull,Crocked,Rocked
Skull,Crocked,Robot
Skull,Crocked,Boarder
Skull,Crocked,Shae
Skull,Crocked,Parrot
Skull,Crocked,Best
Skull,Crocked,friends
Skull,Crocked,Cannonball
Skull,Crocked,Caught
Skull,Crocked,haddy
Skull,Crocked,Just
Skull,turkey,Turkey
Skull,turkey,What
Skull,turkey,Murder
Skull,turkey,Diet
Skull,turkey,Rocked
Skull,turkey,Robot
Skull,turkey,turkey
Skull,turkey,Boarder
Skull,turkey,Shae
Skull,turkey,Parrot
Skull,turkey,Best
Skull,turkey,friends
Skull,turkey,Cannonball
Skull,turkey,Caught
Skull,turkey,haddy
Skull,turkey,Just
Skull,Turkey,What
Skull,Turkey,Murder
Skull,Turkey,Diet
Skull,Turkey,Rocked
Skull,Turkey,Robot
Skull,Turkey,turkey
Skull,Turkey,Boarder
Skull,Turkey,Shae
Skull,Turkey,Parrot
Skull,Turkey,Best
Skull,Turkey,friends
Skull,Turkey,Cannonball
Skull,Turkey,Caught
Skull,Turkey,haddy
Skull,Turkey,Just
Skull,What,Murder
Skull,What,Diet
Skull,What,Rocked
Skull,What,Robot
Skull,What,turkey
Skull,What,Boarder
Skull,What,Shae
Skull,What,Parrot
Skull,What,Best
Skull,What,friends
Skull,What,Cannonball
Skull,What,Caught
Skull,What,haddy
Skull,What,Just
Skull,Murder,Diet
Skull,Murder,Rocked
Skull,Murder,Robot
Skull,Murder,turkey
Skull,Murder,Boarder
Skull,Murder,Shae
Skull,Murder,Parrot
Skull,Murder,Best
Skull,Murder,friends
Skull,Murder,Cannonball
Skull,Murder,Caught
Skull,Murder,haddy
Skull,Murder,Just
Skull,Diet,Rocked
Skull,Diet,Robot
Skull,Diet,turkey
Skull,Diet,Boarder
Skull,Diet,Shae
Skull,Diet,Parrot
Skull,Diet,Best
Skull,Diet,friends
Skull,Diet,Cannonball
Skull,Diet,Caught
Skull,Diet,haddy
Skull,Diet,Just
Skull,Rocked,Robot
Skull,Rocked,turkey
Skull,Rocked,Boarder
Skull,Rocked,Shae
Skull,Rocked,Parrot
Skull,Rocked,Best
Skull,Rocked,friends
Skull,Rocked,Cannonball
Skull,Rocked,Caught
Skull,Rocked,haddy
Skull,Rocked,Just
Skull,Robot,turkey
Skull,Robot,Boarder
Skull,Robot,Shae
Skull,Robot,Parrot
Skull,Robot,Best
Skull,Robot,friends
Skull,Robot,Cannonball
Skull,Robot,Caught
Skull,Robot,haddy
Skull,Robot,Just
Skull,Boarder,Shae
Skull,Boarder,Parrot
Skull,Boarder,Best
Skull,Boarder,friends
Skull,Boarder,Cannonball
Skull,Boarder,Caught
Skull,Boarder,haddy
Skull,Boarder,Just
Skull,Shae,Parrot
Skull,Shae,Best
Skull,Shae,friends
Skull,Shae,Cannonball
Skull,Shae,Caught
Skull,Shae,haddy
Skull,Shae,Just
Skull,Parrot,Best
Skull,Parrot,friends
Skull,Parrot,Cannonball
Skull,Parrot,Caught
Skull,Parrot,haddy
Skull,Parrot,Just
Skull,Best,friends
Skull,Best,Cannonball
Skull,Best,Caught
Skull,Best,haddy
Skull,Best,Just
Skull,friends,Cannonball
Skull,friends,Caught
Skull,friends,haddy
Skull,friends,Just
Skull,Cannonball,Caught
Skull,Cannonball,haddy
Skull,Cannonball,Just
Skull,Caught,haddy
Skull,Caught,Just
Skull,haddy,Just
Meows,Pretty,problem
Meows,Pretty,Jailhouse
Meows,Pretty,Crocked
Meows,Pretty,turkey
Meows,Pretty,Turkey
Meows,Pretty,What
Meows,Pretty,Murder
Meows,Pretty,Diet
Meows,Pretty,Rocked
Meows,Pretty,Robot
Meows,Pretty,Boarder
Meows,Pretty,Shae
Meows,Pretty,Parrot
Meows,Pretty,Best
Meows,Pretty,friends
Meows,Pretty,Cannonball
Meows,Pretty,Caught
Meows,Pretty,haddy
Meows,Pretty,Just
Meows,problem,Jailhouse
Meows,problem,Crocked
Meows,problem,turkey
Meows,problem,Turkey
Meows,problem,What
Meows,problem,Murder
Meows,problem,Diet
Meows,problem,Rocked
Meows,problem,Robot
Meows,problem,Boarder
Meows,problem,Shae
Meows,problem,Parrot
Meows,problem,Best
Meows,problem,friends
Meows,problem,Cannonball
Meows,problem,Caught
Meows,problem,haddy
Meows,problem,Just
Meows,Jailhouse,Crocked
Meows,Jailhouse,turkey
Meows,Jailhouse,Turkey
Meows,Jailhouse,What
Meows,Jailhouse,Murder
Meows,Jailhouse,Diet
Meows,Jailhouse,Rocked
Meows,Jailhouse,Robot
Meows,Jailhouse,Boarder
Meows,Jailhouse,Shae
Meows,Jailhouse,Parrot
Meows,Jailhouse,Best
Meows,Jailhouse,friends
Meows,Jailhouse,Cannonball
Meows,Jailhouse,Caught
Meows,Jailhouse,haddy
Meows,Jailhouse,Just
Meows,Crocked,turkey
Meows,Crocked,Turkey
Meows,Crocked,What
Meows,Crocked,Murder
Meows,Crocked,Diet
Meows,Crocked,Rocked
Meows,Crocked,Robot
Meows,Crocked,Boarder
Meows,Crocked,Shae
Meows,Crocked,Parrot
Meows,Crocked,Best
Meows,Crocked,friends
Meows,Crocked,Cannonball
Meows,Crocked,Caught
Meows,Crocked,haddy
Meows,Crocked,Just
Meows,turkey,Turkey
Meows,turkey,What
Meows,turkey,Murder
Meows,turkey,Diet
Meows,turkey,Rocked
Meows,turkey,Robot
Meows,turkey,turkey
Meows,turkey,Boarder
Meows,turkey,Shae
Meows,turkey,Parrot
Meows,turkey,Best
Meows,turkey,friends
Meows,turkey,Cannonball
Meows,turkey,Caught
Meows,turkey,haddy
Meows,turkey,Just
Meows,Turkey,What
Meows,Turkey,Murder
Meows,Turkey,Diet
Meows,Turkey,Rocked
Meows,Turkey,Robot
Meows,Turkey,turkey
Meows,Turkey,Boarder
Meows,Turkey,Shae
Meows,Turkey,Parrot
Meows,Turkey,Best
Meows,Turkey,friends
Meows,Turkey,Cannonball
Meows,Turkey,Caught
Meows,Turkey,haddy
Meows,Turkey,Just
Meows,What,Murder
Meows,What,Diet
Meows,What,Rocked
Meows,What,Robot
Meows,What,turkey
Meows,What,Boarder
Meows,What,Shae
Meows,What,Parrot
Meows,What,Best
Meows,What,friends
Meows,What,Cannonball
Meows,What,Caught
Meows,What,haddy
Meows,What,Just
Meows,Murder,Diet
Meows,Murder,Rocked
Meows,Murder,Robot
Meows,Murder,turkey
Meows,Murder,Boarder
Meows,Murder,Shae
Meows,Murder,Parrot
Meows,Murder,Best
Meows,Murder,friends
Meows,Murder,Cannonball
Meows,Murder,Caught
Meows,Murder,haddy
Meows,Murder,Just
Meows,Diet,Rocked
Meows,Diet,Robot
Meows,Diet,turkey
Meows,Diet,Boarder
Meows,Diet,Shae
Meows,Diet,Parrot
Meows,Diet,Best
Meows,Diet,friends
Meows,Diet,Cannonball
Meows,Diet,Caught
Meows,Diet,haddy
Meows,Diet,Just
Meows,Rocked,Robot
Meows,Rocked,turkey
Meows,Rocked,Boarder
Meows,Rocked,Shae
Meows,Rocked,Parrot
Meows,Rocked,Best
Meows,Rocked,friends
Meows,Rocked,Cannonball
Meows,Rocked,Caught
Meows,Rocked,haddy
Meows,Rocked,Just
Meows,Robot,turkey
Meows,Robot,Boarder
Meows,Robot,Shae
Meows,Robot,Parrot
Meows,Robot,Best
Meows,Robot,friends
Meows,Robot,Cannonball
Meows,Robot,Caught
Meows,Robot,haddy
Meows,Robot,Just
Meows,Boarder,Shae
Meows,Boarder,Parrot
Meows,Boarder,Best
Meows,Boarder,friends
Meows,Boarder,Cannonball
Meows,Boarder,Caught
Meows,Boarder,haddy
Meows,Boarder,Just
Meows,Shae,Parrot
Meows,Shae,Best
Meows,Shae,friends
Meows,Shae,Cannonball
Meows,Shae,Caught
Meows,Shae,haddy
Meows,Shae,Just
Meows,Parrot,Best
Meows,Parrot,friends
Meows,Parrot,Cannonball
Meows,Parrot,Caught
Meows,Parrot,haddy
Meows,Parrot,Just
Meows,Best,friends
Meows,Best,Cannonball
Meows,Best,Caught
Meows,Best,haddy
Meows,Best,Just
Meows,friends,Cannonball
Meows,friends,Caught
Meows,friends,haddy
Meows,friends,Just
Meows,Cannonball,Caught
Meows,Cannonball,haddy
Meows,Cannonball,Just
Meows,Caught,haddy
Meows,Caught,Just
Meows,haddy,Just
Pretty,problem,Jailhouse
Pretty,problem,Crocked
Pretty,problem,turkey
Pretty,problem,Turkey
Pretty,problem,What
Pretty,problem,Murder
Pretty,problem,Diet
Pretty,problem,Rocked
Pretty,problem,Robot
Pretty,problem,Boarder
Pretty,problem,Shae
Pretty,problem,Parrot
Pretty,problem,Best
Pretty,problem,friends
Pretty,problem,Cannonball
Pretty,problem,Caught
Pretty,problem,haddy
Pretty,problem,Just
Pretty,Jailhouse,Crocked
Pretty,Jailhouse,turkey
Pretty,Jailhouse,Turkey
Pretty,Jailhouse,What
Pretty,Jailhouse,Murder
Pretty,Jailhouse,Diet
Pretty,Jailhouse,Rocked
Pretty,Jailhouse,Robot
Pretty,Jailhouse,Boarder
Pretty,Jailhouse,Shae
Pretty,Jailhouse,Parrot
Pretty,Jailhouse,Best
Pretty,Jailhouse,friends
Pretty,Jailhouse,Cannonball
Pretty,Jailhouse,Caught
Pretty,Jailhouse,haddy
Pretty,Jailhouse,Just
Pretty,Crocked,turkey
Pretty,Crocked,Turkey
Pretty,Crocked,What
Pretty,Crocked,Murder
Pretty,Crocked,Diet
Pretty,Crocked,Rocked
Pretty,Crocked,Robot
Pretty,Crocked,Boarder
Pretty,Crocked,Shae
Pretty,Crocked,Parrot
Pretty,Crocked,Best
Pretty,Crocked,friends
Pretty,Crocked,Cannonball
Pretty,Crocked,Caught
Pretty,Crocked,haddy
Pretty,Crocked,Just
Pretty,turkey,Turkey
Pretty,turkey,What
Pretty,turkey,Murder
Pretty,turkey,Diet
Pretty,turkey,Rocked
Pretty,turkey,Robot
Pretty,turkey,turkey
Pretty,turkey,Boarder
Pretty,turkey,Shae
Pretty,turkey,Parrot
Pretty,turkey,Best
Pretty,turkey,friends
Pretty,turkey,Cannonball
Pretty,turkey,Caught
Pretty,turkey,haddy
Pretty,turkey,Just
Pretty,Turkey,What
Pretty,Turkey,Murder
Pretty,Turkey,Diet
Pretty,Turkey,Rocked
Pretty,Turkey,Robot
Pretty,Turkey,turkey
Pretty,Turkey,Boarder
Pretty,Turkey,Shae
Pretty,Turkey,Parrot
Pretty,Turkey,Best
Pretty,Turkey,friends
Pretty,Turkey,Cannonball
Pretty,Turkey,Caught
Pretty,Turkey,haddy
Pretty,Turkey,Just
Pretty,What,Murder
Pretty,What,Diet
Pretty,What,Rocked
Pretty,What,Robot
Pretty,What,turkey
Pretty,What,Boarder
Pretty,What,Shae
Pretty,What,Parrot
Pretty,What,Best
Pretty,What,friends
Pretty,What,Cannonball
Pretty,What,Caught
Pretty,What,haddy
Pretty,What,Just
Pretty,Murder,Diet
Pretty,Murder,Rocked
Pretty,Murder,Robot
Pretty,Murder,turkey
Pretty,Murder,Boarder
Pretty,Murder,Shae
Pretty,Murder,Parrot
Pretty,Murder,Best
Pretty,Murder,friends
Pretty,Murder,Cannonball
Pretty,Murder,Caught
Pretty,Murder,haddy
Pretty,Murder,Just
Pretty,Diet,Rocked
Pretty,Diet,Robot
Pretty,Diet,turkey
Pretty,Diet,Boarder
Pretty,Diet,Shae
Pretty,Diet,Parrot
Pretty,Diet,Best
Pretty,Diet,friends
Pretty,Diet,Cannonball
Pretty,Diet,Caught
Pretty,Diet,haddy
Pretty,Diet,Just
Pretty,Rocked,Robot
Pretty,Rocked,turkey
Pretty,Rocked,Boarder
Pretty,Rocked,Shae
Pretty,Rocked,Parrot
Pretty,Rocked,Best
Pretty,Rocked,friends
Pretty,Rocked,Cannonball
Pretty,Rocked,Caught
Pretty,Rocked,haddy
Pretty,Rocked,Just
Pretty,Robot,turkey
Pretty,Robot,Boarder
Pretty,Robot,Shae
Pretty,Robot,Parrot
Pretty,Robot,Best
Pretty,Robot,friends
Pretty,Robot,Cannonball
Pretty,Robot,Caught
Pretty,Robot,haddy
Pretty,Robot,Just
Pretty,Boarder,Shae
Pretty,Boarder,Parrot
Pretty,Boarder,Best
Pretty,Boarder,friends
Pretty,Boarder,Cannonball
Pretty,Boarder,Caught
Pretty,Boarder,haddy
Pretty,Boarder,Just
Pretty,Shae,Parrot
Pretty,Shae,Best
Pretty,Shae,friends
Pretty,Shae,Cannonball
Pretty,Shae,Caught
Pretty,Shae,haddy
Pretty,Shae,Just
Pretty,Parrot,Best
Pretty,Parrot,friends
Pretty,Parrot,Cannonball
Pretty,Parrot,Caught
Pretty,Parrot,haddy
Pretty,Parrot,Just
Pretty,Best,friends
Pretty,Best,Cannonball
Pretty,Best,Caught
Pretty,Best,haddy
Pretty,Best,Just
Pretty,friends,Cannonball
Pretty,friends,Caught
Pretty,friends,haddy
Pretty,friends,Just
Pretty,Cannonball,Caught
Pretty,Cannonball,haddy
Pretty,Cannonball,Just
Pretty,Caught,haddy
Pretty,Caught,Just
Pretty,haddy,Just
problem,Jailhouse,Crocked
problem,Jailhouse,turkey
problem,Jailhouse,Turkey
problem,Jailhouse,What
problem,Jailhouse,Murder
problem,Jailhouse,Diet
problem,Jailhouse,Rocked
problem,Jailhouse,Robot
problem,Jailhouse,Boarder
problem,Jailhouse,Shae
problem,Jailhouse,Parrot
problem,Jailhouse,Best
problem,Jailhouse,friends
problem,Jailhouse,Cannonball
problem,Jailhouse,Caught
problem,Jailhouse,haddy
problem,Jailhouse,Just
problem,Crocked,turkey
problem,Crocked,Turkey
problem,Crocked,What
problem,Crocked,Murder
problem,Crocked,Diet
problem,Crocked,Rocked
problem,Crocked,Robot
problem,Crocked,Boarder
problem,Crocked,Shae
problem,Crocked,Parrot
problem,Crocked,Best
problem,Crocked,friends
problem,Crocked,Cannonball
problem,Crocked,Caught
problem,Crocked,haddy
problem,Crocked,Just
problem,turkey,Turkey
problem,turkey,What
problem,turkey,Murder
problem,turkey,Diet
problem,turkey,Rocked
problem,turkey,Robot
problem,turkey,turkey
problem,turkey,Boarder
problem,turkey,Shae
problem,turkey,Parrot
problem,turkey,Best
problem,turkey,friends
problem,turkey,Cannonball
problem,turkey,Caught
problem,turkey,haddy
problem,turkey,Just
problem,Turkey,What
problem,Turkey,Murder
problem,Turkey,Diet
problem,Turkey,Rocked
problem,Turkey,Robot
problem,Turkey,turkey
problem,Turkey,Boarder
problem,Turkey,Shae
problem,Turkey,Parrot
problem,Turkey,Best
problem,Turkey,friends
problem,Turkey,Cannonball
problem,Turkey,Caught
problem,Turkey,haddy
problem,Turkey,Just
problem,What,Murder
problem,What,Diet
problem,What,Rocked
problem,What,Robot
problem,What,turkey
problem,What,Boarder
problem,What,Shae
problem,What,Parrot
problem,What,Best
problem,What,friends
problem,What,Cannonball
problem,What,Caught
problem,What,haddy
problem,What,Just
problem,Murder,Diet
problem,Murder,Rocked
problem,Murder,Robot
problem,Murder,turkey
problem,Murder,Boarder
problem,Murder,Shae
problem,Murder,Parrot
problem,Murder,Best
problem,Murder,friends
problem,Murder,Cannonball
problem,Murder,Caught
problem,Murder,haddy
problem,Murder,Just
problem,Diet,Rocked
problem,Diet,Robot
problem,Diet,turkey
problem,Diet,Boarder
problem,Diet,Shae
problem,Diet,Parrot
problem,Diet,Best
problem,Diet,friends
problem,Diet,Cannonball
problem,Diet,Caught
problem,Diet,haddy
problem,Diet,Just
problem,Rocked,Robot
problem,Rocked,turkey
problem,Rocked,Boarder
problem,Rocked,Shae
problem,Rocked,Parrot
problem,Rocked,Best
problem,Rocked,friends
problem,Rocked,Cannonball
problem,Rocked,Caught
problem,Rocked,haddy
problem,Rocked,Just
problem,Robot,turkey
problem,Robot,Boarder
problem,Robot,Shae
problem,Robot,Parrot
problem,Robot,Best
problem,Robot,friends
problem,Robot,Cannonball
problem,Robot,Caught
problem,Robot,haddy
problem,Robot,Just
problem,Boarder,Shae
problem,Boarder,Parrot
problem,Boarder,Best
problem,Boarder,friends
problem,Boarder,Cannonball
problem,Boarder,Caught
problem,Boarder,haddy
problem,Boarder,Just
problem,Shae,Parrot
problem,Shae,Best
problem,Shae,friends
problem,Shae,Cannonball
problem,Shae,Caught
problem,Shae,haddy
problem,Shae,Just
problem,Parrot,Best
problem,Parrot,friends
problem,Parrot,Cannonball
problem,Parrot,Caught
problem,Parrot,haddy
problem,Parrot,Just
problem,Best,friends
problem,Best,Cannonball
problem,Best,Caught
problem,Best,haddy
problem,Best,Just
problem,friends,Cannonball
problem,friends,Caught
problem,friends,haddy
problem,friends,Just
problem,Cannonball,Caught
problem,Cannonball,haddy
problem,Cannonball,Just
problem,Caught,haddy
problem,Caught,Just
problem,haddy,Just
Jailhouse,Crocked,turkey
Jailhouse,Crocked,Turkey
Jailhouse,Crocked,What
Jailhouse,Crocked,Murder
Jailhouse,Crocked,Diet
Jailhouse,Crocked,Rocked
Jailhouse,Crocked,Robot
Jailhouse,Crocked,Boarder
Jailhouse,Crocked,Shae
Jailhouse,Crocked,Parrot
Jailhouse,Crocked,Best
Jailhouse,Crocked,friends
Jailhouse,Crocked,Cannonball
Jailhouse,Crocked,Caught
Jailhouse,Crocked,haddy
Jailhouse,Crocked,Just
Jailhouse,turkey,Turkey
Jailhouse,turkey,What
Jailhouse,turkey,Murder
Jailhouse,turkey,Diet
Jailhouse,turkey,Rocked
Jailhouse,turkey,Robot
Jailhouse,turkey,turkey
Jailhouse,turkey,Boarder
Jailhouse,turkey,Shae
Jailhouse,turkey,Parrot
Jailhouse,turkey,Best
Jailhouse,turkey,friends
Jailhouse,turkey,Cannonball
Jailhouse,turkey,Caught
Jailhouse,turkey,haddy
Jailhouse,turkey,Just
Jailhouse,Turkey,What
Jailhouse,Turkey,Murder
Jailhouse,Turkey,Diet
Jailhouse,Turkey,Rocked
Jailhouse,Turkey,Robot
Jailhouse,Turkey,turkey
Jailhouse,Turkey,Boarder
Jailhouse,Turkey,Shae
Jailhouse,Turkey,Parrot
Jailhouse,Turkey,Best
Jailhouse,Turkey,friends
Jailhouse,Turkey,Cannonball
Jailhouse,Turkey,Caught
Jailhouse,Turkey,haddy
Jailhouse,Turkey,Just
Jailhouse,What,Murder
Jailhouse,What,Diet
Jailhouse,What,Rocked
Jailhouse,What,Robot
Jailhouse,What,turkey
Jailhouse,What,Boarder
Jailhouse,What,Shae
Jailhouse,What,Parrot
Jailhouse,What,Best
Jailhouse,What,friends
Jailhouse,What,Cannonball
Jailhouse,What,Caught
Jailhouse,What,haddy
Jailhouse,What,Just
Jailhouse,Murder,Diet
Jailhouse,Murder,Rocked
Jailhouse,Murder,Robot
Jailhouse,Murder,turkey
Jailhouse,Murder,Boarder
Jailhouse,Murder,Shae
Jailhouse,Murder,Parrot
Jailhouse,Murder,Best
Jailhouse,Murder,friends
Jailhouse,Murder,Cannonball
Jailhouse,Murder,Caught
Jailhouse,Murder,haddy
Jailhouse,Murder,Just
Jailhouse,Diet,Rocked
Jailhouse,Diet,Robot
Jailhouse,Diet,turkey
Jailhouse,Diet,Boarder
Jailhouse,Diet,Shae
Jailhouse,Diet,Parrot
Jailhouse,Diet,Best
Jailhouse,Diet,friends
Jailhouse,Diet,Cannonball
Jailhouse,Diet,Caught
Jailhouse,Diet,haddy
Jailhouse,Diet,Just
Jailhouse,Rocked,Robot
Jailhouse,Rocked,turkey
Jailhouse,Rocked,Boarder
Jailhouse,Rocked,Shae
Jailhouse,Rocked,Parrot
Jailhouse,Rocked,Best
Jailhouse,Rocked,friends
Jailhouse,Rocked,Cannonball
Jailhouse,Rocked,Caught
Jailhouse,Rocked,haddy
Jailhouse,Rocked,Just
Jailhouse,Robot,turkey
Jailhouse,Robot,Boarder
Jailhouse,Robot,Shae
Jailhouse,Robot,Parrot
Jailhouse,Robot,Best
Jailhouse,Robot,friends
Jailhouse,Robot,Cannonball
Jailhouse,Robot,Caught
Jailhouse,Robot,haddy
Jailhouse,Robot,Just
Jailhouse,Boarder,Shae
Jailhouse,Boarder,Parrot
Jailhouse,Boarder,Best
Jailhouse,Boarder,friends
Jailhouse,Boarder,Cannonball
Jailhouse,Boarder,Caught
Jailhouse,Boarder,haddy
Jailhouse,Boarder,Just
Jailhouse,Shae,Parrot
Jailhouse,Shae,Best
Jailhouse,Shae,friends
Jailhouse,Shae,Cannonball
Jailhouse,Shae,Caught
Jailhouse,Shae,haddy
Jailhouse,Shae,Just
Jailhouse,Parrot,Best
Jailhouse,Parrot,friends
Jailhouse,Parrot,Cannonball
Jailhouse,Parrot,Caught
Jailhouse,Parrot,haddy
Jailhouse,Parrot,Just
Jailhouse,Best,friends
Jailhouse,Best,Cannonball
Jailhouse,Best,Caught
Jailhouse,Best,haddy
Jailhouse,Best,Just
Jailhouse,friends,Cannonball
Jailhouse,friends,Caught
Jailhouse,friends,haddy
Jailhouse,friends,Just
Jailhouse,Cannonball,Caught
Jailhouse,Cannonball,haddy
Jailhouse,Cannonball,Just
Jailhouse,Caught,haddy
Jailhouse,Caught,Just
Jailhouse,haddy,Just
Crocked,turkey,Turkey
Crocked,turkey,What
Crocked,turkey,Murder
Crocked,turkey,Diet
Crocked,turkey,Rocked
Crocked,turkey,Robot
Crocked,turkey,turkey
Crocked,turkey,Boarder
Crocked,turkey,Shae
Crocked,turkey,Parrot
Crocked,turkey,Best
Crocked,turkey,friends
Crocked,turkey,Cannonball
Crocked,turkey,Caught
Crocked,turkey,haddy
Crocked,turkey,Just
Crocked,Turkey,What
Crocked,Turkey,Murder
Crocked,Turkey,Diet
Crocked,Turkey,Rocked
Crocked,Turkey,Robot
Crocked,Turkey,turkey
Crocked,Turkey,Boarder
Crocked,Turkey,Shae
Crocked,Turkey,Parrot
Crocked,Turkey,Best
Crocked,Turkey,friends
Crocked,Turkey,Cannonball
Crocked,Turkey,Caught
Crocked,Turkey,haddy
Crocked,Turkey,Just
Crocked,What,Murder
Crocked,What,Diet
Crocked,What,Rocked
Crocked,What,Robot
Crocked,What,turkey
Crocked,What,Boarder
Crocked,What,Shae
Crocked,What,Parrot
Crocked,What,Best
Crocked,What,friends
Crocked,What,Cannonball
Crocked,What,Caught
Crocked,What,haddy
Crocked,What,Just
Crocked,Murder,Diet
Crocked,Murder,Rocked
Crocked,Murder,Robot
Crocked,Murder,turkey
Crocked,Murder,Boarder
Crocked,Murder,Shae
Crocked,Murder,Parrot
Crocked,Murder,Best
Crocked,Murder,friends
Crocked,Murder,Cannonball
Crocked,Murder,Caught
Crocked,Murder,haddy
Crocked,Murder,Just
Crocked,Diet,Rocked
Crocked,Diet,Robot
Crocked,Diet,turkey
Crocked,Diet,Boarder
Crocked,Diet,Shae
Crocked,Diet,Parrot
Crocked,Diet,Best
Crocked,Diet,friends
Crocked,Diet,Cannonball
Crocked,Diet,Caught
Crocked,Diet,haddy
Crocked,Diet,Just
Crocked,Rocked,Robot
Crocked,Rocked,turkey
Crocked,Rocked,Boarder
Crocked,Rocked,Shae
Crocked,Rocked,Parrot
Crocked,Rocked,Best
Crocked,Rocked,friends
Crocked,Rocked,Cannonball
Crocked,Rocked,Caught
Crocked,Rocked,haddy
Crocked,Rocked,Just
Crocked,Robot,turkey
Crocked,Robot,Boarder
Crocked,Robot,Shae
Crocked,Robot,Parrot
Crocked,Robot,Best
Crocked,Robot,friends
Crocked,Robot,Cannonball
Crocked,Robot,Caught
Crocked,Robot,haddy
Crocked,Robot,Just
Crocked,Boarder,Shae
Crocked,Boarder,Parrot
Crocked,Boarder,Best
Crocked,Boarder,friends
Crocked,Boarder,Cannonball
Crocked,Boarder,Caught
Crocked,Boarder,haddy
Crocked,Boarder,Just
Crocked,Shae,Parrot
Crocked,Shae,Best
Crocked,Shae,friends
Crocked,Shae,Cannonball
Crocked,Shae,Caught
Crocked,Shae,haddy
Crocked,Shae,Just
Crocked,Parrot,Best
Crocked,Parrot,friends
Crocked,Parrot,Cannonball
Crocked,Parrot,Caught
Crocked,Parrot,haddy
Crocked,Parrot,Just
Crocked,Best,friends
Crocked,Best,Cannonball
Crocked,Best,Caught
Crocked,Best,haddy
Crocked,Best,Just
Crocked,friends,Cannonball
Crocked,friends,Caught
Crocked,friends,haddy
Crocked,friends,Just
Crocked,Cannonball,Caught
Crocked,Cannonball,haddy
Crocked,Cannonball,Just
Crocked,Caught,haddy
Crocked,Caught,Just
Crocked,haddy,Just
turkey,Turkey,What
turkey,Turkey,Murder
turkey,Turkey,Diet
turkey,Turkey,Rocked
turkey,Turkey,Robot
turkey,Turkey,turkey
turkey,Turkey,Boarder
turkey,Turkey,Shae
turkey,Turkey,Parrot
turkey,Turkey,Best
turkey,Turkey,friends
turkey,Turkey,Cannonball
turkey,Turkey,Caught
turkey,Turkey,haddy
turkey,Turkey,Just
turkey,What,Murder
turkey,What,Diet
turkey,What,Rocked
turkey,What,Robot
turkey,What,turkey
turkey,What,Boarder
turkey,What,Shae
turkey,What,Parrot
turkey,What,Best
turkey,What,friends
turkey,What,Cannonball
turkey,What,Caught
turkey,What,haddy
turkey,What,Just
turkey,Murder,Diet
turkey,Murder,Rocked
turkey,Murder,Robot
turkey,Murder,turkey
turkey,Murder,Boarder
turkey,Murder,Shae
turkey,Murder,Parrot
turkey,Murder,Best
turkey,Murder,friends
turkey,Murder,Cannonball
turkey,Murder,Caught
turkey,Murder,haddy
turkey,Murder,Just
turkey,Diet,Rocked
turkey,Diet,Robot
turkey,Diet,turkey
turkey,Diet,Boarder
turkey,Diet,Shae
turkey,Diet,Parrot
turkey,Diet,Best
turkey,Diet,friends
turkey,Diet,Cannonball
turkey,Diet,Caught
turkey,Diet,haddy
turkey,Diet,Just
turkey,Rocked,Robot
turkey,Rocked,turkey
turkey,Rocked,Boarder
turkey,Rocked,Shae
turkey,Rocked,Parrot
turkey,Rocked,Best
turkey,Rocked,friends
turkey,Rocked,Cannonball
turkey,Rocked,Caught
turkey,Rocked,haddy
turkey,Rocked,Just
turkey,Robot,turkey
turkey,Robot,Boarder
turkey,Robot,Shae
turkey,Robot,Parrot
turkey,Robot,Best
turkey,Robot,friends
turkey,Robot,Cannonball
turkey,Robot,Caught
turkey,Robot,haddy
turkey,Robot,Just
turkey,turkey,Boarder
turkey,turkey,Shae
turkey,turkey,Parrot
turkey,turkey,Best
turkey,turkey,friends
turkey,turkey,Cannonball
turkey,turkey,Caught
turkey,turkey,haddy
turkey,turkey,Just
turkey,Boarder,Shae
turkey,Boarder,Parrot
turkey,Boarder,Best
turkey,Boarder,friends
turkey,Boarder,Cannonball
turkey,Boarder,Caught
turkey,Boarder,haddy
turkey,Boarder,Just
turkey,Shae,Parrot
turkey,Shae,Best
turkey,Shae,friends
turkey,Shae,Cannonball
turkey,Shae,Caught
turkey,Shae,haddy
turkey,Shae,Just
turkey,Parrot,Best
turkey,Parrot,friends
turkey,Parrot,Cannonball
turkey,Parrot,Caught
turkey,Parrot,haddy
turkey,Parrot,Just
turkey,Best,friends
turkey,Best,Cannonball
turkey,Best,Caught
turkey,Best,haddy
turkey,Best,Just
turkey,friends,Cannonball
turkey,friends,Caught
turkey,friends,haddy
turkey,friends,Just
turkey,Cannonball,Caught
turkey,Cannonball,haddy
turkey,Cannonball,Just
turkey,Caught,haddy
turkey,Caught,Just
turkey,haddy,Just
Turkey,What,Murder
Turkey,What,Diet
Turkey,What,Rocked
Turkey,What,Robot
Turkey,What,turkey
Turkey,What,Boarder
Turkey,What,Shae
Turkey,What,Parrot
Turkey,What,Best
Turkey,What,friends
Turkey,What,Cannonball
Turkey,What,Caught
Turkey,What,haddy
Turkey,What,Just
Turkey,Murder,Diet
Turkey,Murder,Rocked
Turkey,Murder,Robot
Turkey,Murder,turkey
Turkey,Murder,Boarder
Turkey,Murder,Shae
Turkey,Murder,Parrot
Turkey,Murder,Best
Turkey,Murder,friends
Turkey,Murder,Cannonball
Turkey,Murder,Caught
Turkey,Murder,haddy
Turkey,Murder,Just
Turkey,Diet,Rocked
Turkey,Diet,Robot
Turkey,Diet,turkey
Turkey,Diet,Boarder
Turkey,Diet,Shae
Turkey,Diet,Parrot
Turkey,Diet,Best
Turkey,Diet,friends
Turkey,Diet,Cannonball
Turkey,Diet,Caught
Turkey,Diet,haddy
Turkey,Diet,Just
Turkey,Rocked,Robot
Turkey,Rocked,turkey
Turkey,Rocked,Boarder
Turkey,Rocked,Shae
Turkey,Rocked,Parrot
Turkey,Rocked,Best
Turkey,Rocked,friends
Turkey,Rocked,Cannonball
Turkey,Rocked,Caught
Turkey,Rocked,haddy
Turkey,Rocked,Just
Turkey,Robot,turkey
Turkey,Robot,Boarder
Turkey,Robot,Shae
Turkey,Robot,Parrot
Turkey,Robot,Best
Turkey,Robot,friends
Turkey,Robot,Cannonball
Turkey,Robot,Caught
Turkey,Robot,haddy
Turkey,Robot,Just
Turkey,turkey,Boarder
Turkey,turkey,Shae
Turkey,turkey,Parrot
Turkey,turkey,Best
Turkey,turkey,friends
Turkey,turkey,Cannonball
Turkey,turkey,Caught
Turkey,turkey,haddy
Turkey,turkey,Just
Turkey,Boarder,Shae
Turkey,Boarder,Parrot
Turkey,Boarder,Best
Turkey,Boarder,friends
Turkey,Boarder,Cannonball
Turkey,Boarder,Caught
Turkey,Boarder,haddy
Turkey,Boarder,Just
Turkey,Shae,Parrot
Turkey,Shae,Best
Turkey,Shae,friends
Turkey,Shae,Cannonball
Turkey,Shae,Caught
Turkey,Shae,haddy
Turkey,Shae,Just
Turkey,Parrot,Best
Turkey,Parrot,friends
Turkey,Parrot,Cannonball
Turkey,Parrot,Caught
Turkey,Parrot,haddy
Turkey,Parrot,Just
Turkey,Best,friends
Turkey,Best,Cannonball
Turkey,Best,Caught
Turkey,Best,haddy
Turkey,Best,Just
Turkey,friends,Cannonball
Turkey,friends,Caught
Turkey,friends,haddy
Turkey,friends,Just
Turkey,Cannonball,Caught
Turkey,Cannonball,haddy
Turkey,Cannonball,Just
Turkey,Caught,haddy
Turkey,Caught,Just
Turkey,haddy,Just
What,Murder,Diet
What,Murder,Rocked
What,Murder,Robot
What,Murder,turkey
What,Murder,Boarder
What,Murder,Shae
What,Murder,Parrot
What,Murder,Best
What,Murder,friends
What,Murder,Cannonball
What,Murder,Caught
What,Murder,haddy
What,Murder,Just
What,Diet,Rocked
What,Diet,Robot
What,Diet,turkey
What,Diet,Boarder
What,Diet,Shae
What,Diet,Parrot
What,Diet,Best
What,Diet,friends
What,Diet,Cannonball
What,Diet,Caught
What,Diet,haddy
What,Diet,Just
What,Rocked,Robot
What,Rocked,turkey
What,Rocked,Boarder
What,Rocked,Shae
What,Rocked,Parrot
What,Rocked,Best
What,Rocked,friends
What,Rocked,Cannonball
What,Rocked,Caught
What,Rocked,haddy
What,Rocked,Just
What,Robot,turkey
What,Robot,Boarder
What,Robot,Shae
What,Robot,Parrot
What,Robot,Best
What,Robot,friends
What,Robot,Cannonball
What,Robot,Caught
What,Robot,haddy
What,Robot,Just
What,turkey,Boarder
What,turkey,Shae
What,turkey,Parrot
What,turkey,Best
What,turkey,friends
What,turkey,Cannonball
What,turkey,Caught
What,turkey,haddy
What,turkey,Just
What,Boarder,Shae
What,Boarder,Parrot
What,Boarder,Best
What,Boarder,friends
What,Boarder,Cannonball
What,Boarder,Caught
What,Boarder,haddy
What,Boarder,Just
What,Shae,Parrot
What,Shae,Best
What,Shae,friends
What,Shae,Cannonball
What,Shae,Caught
What,Shae,haddy
What,Shae,Just
What,Parrot,Best
What,Parrot,friends
What,Parrot,Cannonball
What,Parrot,Caught
What,Parrot,haddy
What,Parrot,Just
What,Best,friends
What,Best,Cannonball
What,Best,Caught
What,Best,haddy
What,Best,Just
What,friends,Cannonball
What,friends,Caught
What,friends,haddy
What,friends,Just
What,Cannonball,Caught
What,Cannonball,haddy
What,Cannonball,Just
What,Caught,haddy
What,Caught,Just
What,haddy,Just
Diet,Rocked,Robot
Diet,Rocked,turkey
Diet,Rocked,Boarder
Diet,Rocked,Shae
Diet,Rocked,Parrot
Diet,Rocked,Best
Diet,Rocked,friends
Diet,Rocked,Cannonball
Diet,Rocked,Caught
Diet,Rocked,haddy
Diet,Rocked,Just
Diet,Robot,turkey
Diet,Robot,Boarder
Diet,Robot,Shae
Diet,Robot,Parrot
Diet,Robot,Best
Diet,Robot,friends
Diet,Robot,Cannonball
Diet,Robot,Caught
Diet,Robot,haddy
Diet,Robot,Just
Diet,turkey,Boarder
Diet,turkey,Shae
Diet,turkey,Parrot
Diet,turkey,Best
Diet,turkey,friends
Diet,turkey,Cannonball
Diet,turkey,Caught
Diet,turkey,haddy
Diet,turkey,Just
Diet,Boarder,Shae
Diet,Boarder,Parrot
Diet,Boarder,Best
Diet,Boarder,friends
Diet,Boarder,Cannonball
Diet,Boarder,Caught
Diet,Boarder,haddy
Diet,Boarder,Just
Diet,Shae,Parrot
Diet,Shae,Best
Diet,Shae,friends
Diet,Shae,Cannonball
Diet,Shae,Caught
Diet,Shae,haddy
Diet,Shae,Just
Diet,Parrot,Best
Diet,Parrot,friends
Diet,Parrot,Cannonball
Diet,Parrot,Caught
Diet,Parrot,haddy
Diet,Parrot,Just
Diet,Best,friends
Diet,Best,Cannonball
Diet,Best,Caught
Diet,Best,haddy
Diet,Best,Just
Diet,friends,Cannonball
Diet,friends,Caught
Diet,friends,haddy
Diet,friends,Just
Diet,Cannonball,Caught
Diet,Cannonball,haddy
Diet,Cannonball,Just
Diet,Caught,haddy
Diet,Caught,Just
Diet,haddy,Just
Rocked,Robot,turkey
Rocked,Robot,Boarder
Rocked,Robot,Shae
Rocked,Robot,Parrot
Rocked,Robot,Best
Rocked,Robot,friends
Rocked,Robot,Cannonball
Rocked,Robot,Caught
Rocked,Robot,haddy
Rocked,Robot,Just
Rocked,turkey,Boarder
Rocked,turkey,Shae
Rocked,turkey,Parrot
Rocked,turkey,Best
Rocked,turkey,friends
Rocked,turkey,Cannonball
Rocked,turkey,Caught
Rocked,turkey,haddy
Rocked,turkey,Just
Rocked,Boarder,Shae
Rocked,Boarder,Parrot
Rocked,Boarder,Best
Rocked,Boarder,friends
Rocked,Boarder,Cannonball
Rocked,Boarder,Caught
Rocked,Boarder,haddy
Rocked,Boarder,Just
Rocked,Shae,Parrot
Rocked,Shae,Best
Rocked,Shae,friends
Rocked,Shae,Cannonball
Rocked,Shae,Caught
Rocked,Shae,haddy
Rocked,Shae,Just
Rocked,Parrot,Best
Rocked,Parrot,friends
Rocked,Parrot,Cannonball
Rocked,Parrot,Caught
Rocked,Parrot,haddy
Rocked,Parrot,Just
Rocked,Best,friends
Rocked,Best,Cannonball
Rocked,Best,Caught
Rocked,Best,haddy
Rocked,Best,Just
Rocked,friends,Cannonball
Rocked,friends,Caught
Rocked,friends,haddy
Rocked,friends,Just
Rocked,Cannonball,Caught
Rocked,Cannonball,haddy
Rocked,Cannonball,Just
Rocked,Caught,haddy
Rocked,Caught,Just
Rocked,haddy,Just
Robot,turkey,Boarder
Robot,turkey,Shae
Robot,turkey,Parrot
Robot,turkey,Best
Robot,turkey,friends
Robot,turkey,Cannonball
Robot,turkey,Caught
Robot,turkey,haddy
Robot,turkey,Just
Robot,Boarder,Shae
Robot,Boarder,Parrot
Robot,Boarder,Best
Robot,Boarder,friends
Robot,Boarder,Cannonball
Robot,Boarder,Caught
Robot,Boarder,haddy
Robot,Boarder,Just
Robot,Shae,Parrot
Robot,Shae,Best
Robot,Shae,friends
Robot,Shae,Cannonball
Robot,Shae,Caught
Robot,Shae,haddy
Robot,Shae,Just
Robot,Parrot,Best
Robot,Parrot,friends
Robot,Parrot,Cannonball
Robot,Parrot,Caught
Robot,Parrot,haddy
Robot,Parrot,Just
Robot,Best,friends
Robot,Best,Cannonball
Robot,Best,Caught
Robot,Best,haddy
Robot,Best,Just
Robot,friends,Cannonball
Robot,friends,Caught
Robot,friends,haddy
Robot,friends,Just
Robot,Cannonball,Caught
Robot,Cannonball,haddy
Robot,Cannonball,Just
Robot,Caught,haddy
Robot,Caught,Just
Robot,haddy,Just
Boarder,Shae,Parrot
Boarder,Shae,Best
Boarder,Shae,friends
Boarder,Shae,Cannonball
Boarder,Shae,Caught
Boarder,Shae,haddy
Boarder,Shae,Just
Boarder,Parrot,Best
Boarder,Parrot,friends
Boarder,Parrot,Cannonball
Boarder,Parrot,Caught
Boarder,Parrot,haddy
Boarder,Parrot,Just
Boarder,Best,friends
Boarder,Best,Cannonball
Boarder,Best,Caught
Boarder,Best,haddy
Boarder,Best,Just
Boarder,friends,Cannonball
Boarder,friends,Caught
Boarder,friends,haddy
Boarder,friends,Just
Boarder,Cannonball,Caught
Boarder,Cannonball,haddy
Boarder,Cannonball,Just
Boarder,Caught,haddy
Boarder,Caught,Just
Boarder,haddy,Just
Shae,Parrot,Best
Shae,Parrot,friends
Shae,Parrot,Cannonball
Shae,Parrot,Caught
Shae,Parrot,haddy
Shae,Parrot,Just
Shae,Best,friends
Shae,Best,Cannonball
Shae,Best,Caught
Shae,Best,haddy
Shae,Best,Just
Shae,friends,Cannonball
Shae,friends,Caught
Shae,friends,haddy
Shae,friends,Just
Shae,Cannonball,Caught
Shae,Cannonball,haddy
Shae,Cannonball,Just
Shae,Caught,haddy
Shae,Caught,Just
Shae,haddy,Just
Parrot,Best,friends
Parrot,Best,Cannonball
Parrot,Best,Caught
Parrot,Best,haddy
Parrot,Best,Just
Parrot,friends,Cannonball
Parrot,friends,Caught
Parrot,friends,haddy
Parrot,friends,Just
Parrot,Cannonball,Caught
Parrot,Cannonball,haddy
Parrot,Cannonball,Just
Parrot,Caught,haddy
Parrot,Caught,Just
Parrot,haddy,Just
Best,friends,Cannonball
Best,friends,Caught
Best,friends,haddy
Best,friends,Just
Best,Cannonball,Caught
Best,Cannonball,haddy
Best,Cannonball,Just
Best,Caught,haddy
Best,Caught,Just
Best,haddy,Just
friends,Cannonball,Caught
friends,Cannonball,haddy
friends,Cannonball,Just
friends,Caught,haddy
friends,Caught,Just
friends,haddy,Just
Cannonball,Caught,haddy
Cannonball,Caught,Just
Cannonball,haddy,Just
Caught,haddy,Just
